,Player,pts,match_count,elo
0,Dosedel S.,0,58,1475.9700686368083
1,Enqvist T.,249,252,1698.1081064604693
2,Escude N.,0,187,1623.1404480121073
3,Federer R.,6020,1442,1986.2782163747822
4,Fromberg R.,0,49,1463.4667559023374
5,Gambill J.M.,214,278,1577.6439914466891
6,Grosjean S.,935,456,1812.5930229934152
7,Henman T.,875,425,1827.7923321222893
8,Hewitt L.,580,727,1900.5146435741497
9,Lisnard J.,393,28,1456.2726185251215
10,Martin A.,465,457,1465.316601721458
11,Norman M.,0,184,1666.4141828657416
12,Petrovic D.,362,13,1446.0884154974872
13,Sekulov J.,0,12,1435.3488669460132
14,Stoltenberg J.,0,49,1548.8535921597577
15,Vinck C.,0,36,1406.0890358074128
16,Clement A.,845,508,1632.8745454134744
17,Goldstein P.,550,165,1476.3175701164025
18,Haas T.,1740,691,1789.8548023927685
19,Johansson T.,560,376,1793.2680532953684
20,Ljubicic I.,2395,650,1756.220371237713
21,Malisse X.,910,516,1622.4771237924263
22,Massu N.,825,432,1570.0788080148852
23,Pavel A.,685,364,1662.6778086666914
24,Phau B.,526,211,1514.4039918458313
25,Rochus C.,561,320,1461.614894813559
26,Tarango J.,0,44,1364.5009423287136
27,Arazi H.,0,220,1709.5954241604184
28,Carlsen K.,560,191,1617.7127795711679
29,Chela J.I.,910,571,1524.6923980675367
30,Draper S.,0,54,1527.7496036466878
31,Golmard J.,0,142,1597.4592016116878
32,Llodra M.,390,397,1637.4782552239085
33,Martin T.,0,140,1672.8285131987514
34,Mathieu P.H.,723,561,1614.712527173073
35,Philippoussis M.,223,222,1644.8120838911527
36,Rusedski G.,828,276,1630.4945052876658
37,Schalken S.,195,301,1711.6726685460758
38,Davydenko N.,2735,794,1811.152399049461
39,Kim A.,0,32,1397.2210887480178
40,Spadea V.,495,369,1565.1230632720406
41,Vahaly B.,246,64,1424.2497247399563
42,Voinea A.,0,116,1467.0536176055127
43,Zabaleta M.,94,298,1473.993693319881
44,Dupuis A.,363,193,1459.2563953097988
45,Mirnyi M.,695,403,1675.6240071208617
46,Parmar A.,152,37,1420.869888717698
47,Verkerk M.,136,118,1578.2037647839682
48,Vliegen K.,950,197,1541.4206313038876
49,Gasquet R.,703,981,1757.742802084092
50,Krajicek R.,0,75,1707.180201708834
51,Squillari F.,0,196,1514.4435847534132
52,Dent T.,995,282,1653.1461297416604
53,Beck K.,781,170,1510.1494322071665
54,Nieminen J.,1340,697,1619.6243767208712
55,Arthurs W.,203,241,1484.4200643693632
56,Sanguinetti D.,789,281,1549.8621300653524
57,Lapentti N.,493,369,1608.6720943903165
58,Hrbaty D.,1003,454,1746.6173387571928
59,Saulnier C.,545,182,1620.1895361662841
60,Sluiter R.,468,197,1555.0881395960575
61,Reid T.,0,35,1480.0606298026366
62,Melzer J.,88,630,1647.12831611164
63,Rochus O.,880,475,1624.1034663266696
64,Mayer F.,768,477,1558.2286411105033
65,Kiefer N.,1245,400,1667.9786247729537
66,Benneteau J.,634,560,1764.4825094742255
67,Stepanek R.,1580,640,1757.722045415935
68,Johansson J.,127,121,1657.754973132304
69,Calleri A.,988,375,1529.724365796966
70,Lisnard J.R.,365,89,1482.0921489251393
71,Delic A.,461,76,1407.8000357479762
72,Berdych T.,4620,915,1813.4956690103886
73,Kohlschreiber P.,1080,819,1638.4612031150941
74,Robredo T.,2175,867,1684.3996323904275
75,Ancic M.,1940,314,1723.3509157178878
76,Seppi A.,513,762,1538.8860320431343
77,Karlovic I.,1760,695,1692.8039329003766
78,Blake J.,2130,573,1732.2417935386138
79,Serra F.,665,293,1524.3996668705724
80,Murray A.,955,955,1941.9587329244644
81,Luczak P.,586,116,1371.719299950008
82,Jones A.,344,11,1426.3633779898187
83,Guccione C.,471,89,1411.2183967879687
84,Djokovic N.,3320,1243,2023.4911149384393
85,del Potro J.M.,2435,587,1883.0414012317951
86,Kunitsyn I.,348,231,1583.168638954853
87,Simon G.,295,872,1719.8779316547748
88,Querrey S.,2525,678,1631.6499932570937
89,Sirianni J.,315,20,1441.5940729601946
90,Russell M.,601,224,1413.3496960932216
91,Becker B.,525,370,1572.6293579391163
92,Zverev M.,1302,333,1605.4166069397077
93,Korolev E.,447,162,1512.8071834033556
94,Tsonga J.W.,210,673,1783.7505487338008
95,Acasuso J.,1010,359,1540.524357905245
96,Dancevic F.,484,141,1498.523054627782
97,Gulbis E.,258,453,1679.8666852926046
98,Soderling R.,1063,451,1821.317570912503
99,Verdasco F.,1545,988,1704.252928321296
100,Nishikori K.,3390,617,1827.3845243088188
101,Odesnik W.,581,99,1496.797106743103
102,Gicquel M.,733,205,1660.925700808268
103,Falla A.,794,254,1471.1935839042646
104,Levy H.,210,119,1420.7435771440328
105,Bellucci T.,1080,380,1582.9312745600514
106,Roddick A.,2315,773,1809.080744531628
107,Dolgopolov O.,1110,412,1571.0638696856433
108,Baghdatis M.,1115,596,1705.1764383064356
109,Ball C.,222,20,1516.9541640702134
110,Ebden M.,1125,203,1535.0549917529718
111,Monfils G.,3625,845,1735.1737770442196
112,Lopez F.,770,972,1639.2719244783445
113,Istomin D.,965,440,1503.6319684964387
114,Berrer M.,960,231,1506.7535787916636
115,Kubot L.,372,200,1471.2319472308757
116,Giraldo S.,751,326,1510.3369431537749
117,Anderson K.,4310,598,1784.866637589408
118,Berankis R.,809,249,1596.0954277902722
119,Fish M.,2965,500,1704.8954568537258
120,Duckworth J.,487,152,1554.9140940394357
121,Tomic B.,386,349,1548.5693702041995
122,Muller G.,1255,399,1625.3368064778347
123,Ito T.,473,84,1461.4405105002406
124,Petzschner P.,585,189,1585.967690634684
125,Andreev I.,415,432,1612.399355308949
126,Millman J.,1205,256,1618.1353282570012
127,Dimitrov G.,1460,690,1875.4164025150842
128,Goffin D.,2975,528,1796.48243011165
129,Matosevic M.,808,155,1570.3064380968524
130,Cilic M.,2140,859,1716.637125848253
131,Mahut N.,324,403,1530.4768183534595
132,Chardy J.,1110,593,1616.0155349529614
133,Copil M.,608,128,1615.2102619102047
134,Groth S.,843,93,1537.3672569486646
135,Kokkinakis T.,664,138,1498.149659818941
136,Kukushkin M.,930,355,1663.7897947790782
137,Johnson S.,1190,397,1595.3535949907234
138,Klizan M.,1230,273,1519.0534448032965
139,Raonic M.,1810,548,1741.2097167859276
140,Kudla D.,837,200,1435.694056320364
141,Kamke T.,450,163,1535.2848255025156
142,Chung H.,889,138,1664.4075556546557
143,Troicki V.,915,527,1672.3513297492896
144,Thiem D.,3895,536,1773.4815840759666
145,Dodig I.,1185,245,1630.1048528731599
146,Pouille L.,1325,260,1722.2919227896584
147,Thompson J.,896,250,1509.6149751703765
148,Ferrer D.,1290,1068,1769.606364384404
149,Edmund K.,967,233,1755.4150229468357
150,Donaldson J.,908,110,1580.8271429667864
151,Schwartzman D.,1735,442,1695.3215638574247
152,Nadal R.,5820,1254,1830.7791758254443
153,Wawrinka S.,367,881,1762.694094644182
154,de Minaur A.,1710,306,1752.008617876291
155,Harrison R.,1032,272,1538.926341769574
156,Zeballos H.,895,218,1494.0909939910985
157,Mmoh M.,464,66,1504.2127403714758
158,Kyrgios N.,1260,303,1670.4152282768039
159,Kecmanovic M.,1445,235,1561.0137652459864
160,Uchiyama Y.,158,33,1411.9540058390317
161,Medvedev D.,4065,445,1810.8660633070879
162,Bublik A.,1165,245,1606.891953225302
163,Moutet C.,777,125,1512.2792395746228
164,Bedene A.,877,291,1615.67756973884
165,Krajinovic F.,1235,240,1696.8836449374153
166,Djere L.,712,263,1491.1469051121967
167,Fucsovics M.,1097,268,1590.278545851021
168,Ilkel C.,228,20,1378.1936436845192
169,Herbert P.H.,903,206,1500.8048966670947
170,Rublev A.,3530,432,1724.8396241558717
171,Basilashvili N.,540,301,1606.0009956260633
172,Celikbilek A.,231,9,1500.8376260717291
173,Ruusuvuori E.,986,179,1612.2395726739953
174,Travaglia S.,645,82,1408.887164791729
175,Struff J.L.,978,387,1688.4152252199954
176,Lamasine T.,296,9,1473.0575359071204
177,Andreev A.,158,8,1446.5969824324302
178,Grenier H.,488,21,1468.4827941890092
179,Berrettini M.,2670,225,1769.42296825219
180,Kuhn N.,221,12,1440.0146471886019
181,Fognini F.,792,747,1587.0637782765962
182,Kuzmanov D.,323,13,1432.9885822181286
183,Kwon S.W.,617,110,1606.0499630930622
184,Monteiro T.,765,174,1450.0427097342908
185,Daniel T.,719,196,1468.346440012654
186,Gerasimov E.,255,95,1592.4070315588658
187,Ymer M.,712,130,1599.4233316336833
188,Cerundolo J.M.,630,36,1491.930851849728
189,Paul T.,1330,240,1750.4339417828353
190,Mager G.,455,59,1487.7450164540523
191,Khachanov K.,1945,408,1784.8024548673138
192,Giron M.,801,181,1639.790418518305
193,Mcdonald M.,775,212,1617.3807674715438
194,Nishioka Y.,1105,237,1608.701131374541
195,Popyrin A.,315,160,1535.8400328428058
196,Halys Q.,740,80,1407.3007890089189
197,Safiullin R.,586,67,1636.1295720059907
198,Draper J.,981,71,1696.5010704970753
199,Sinner J.,2610,266,1893.8422807563304
200,Shapovalov D.,2180,304,1766.2269683018797
201,Bautista Agut R.,1940,393,1685.8071157354345
202,Korda S.,1255,159,1738.2486381412825
203,Shevchenko A.,386,50,1556.2814464181245
204,Rune H.,1991,160,1893.0620239912876
205,Hanfmann Y.,937,120,1514.12694530588
206,Klein L.,217,11,1468.6908212401004
207,Altmaier D.,911,97,1482.8297056364593
208,Machac T.,755,30,1532.018782790308
209,Kubler J.,538,58,1509.7913350294036
210,Arnaldi M.,1000,42,1610.9955570728173
211,Hijikata R.,744,38,1539.1553438699264
212,Humbert U.,595,204,1709.6963300232853
213,Agenor R.,0,26,1363.960458975304
214,Behrend T.,506,109,1493.1344629584285
215,Damm M.,0,42,1426.345010243657
216,Delgado J.,153,37,1379.7182179013994
217,Hantschk M.,0,58,1421.242913014822
218,Jonsson F.,0,22,1355.22189443629
219,Ketola T.,0,19,1451.4581355728849
220,Manta L.,0,16,1423.2784535922913
221,Paes L.,0,14,1427.8729566576667
222,Pioline C.,0,116,1498.7711589375895
223,Stanoytchev O.,0,28,1353.9041042199035
224,Tabara M.,381,79,1468.2108420453699
225,Vanek J.,418,184,1385.6729834288692
226,Vinciguerra A.,294,153,1625.8157854667252
227,Black B.,0,76,1523.3403618734662
228,Kempes E.,0,24,1439.3733822663746
229,Pless K.,396,121,1507.3088236008643
230,Sanchez D.,302,202,1470.2353743214644
231,Stoliarov A.,0,87,1435.8954280296916
232,Wessels P.,101,66,1503.0843742638733
233,Youzhny M.,1445,877,1739.5371051411294
234,Calatrava A.,219,135,1523.3586695318968
235,Canas G.,1678,365,1714.5197916221355
236,Galvani S.,256,51,1422.355102666875
237,Kucera K.,292,172,1639.0310212521456
238,Labadze I.,292,118,1410.898514876568
239,Okun N.,51,62,1428.5278167135095
240,Santoro F.,755,433,1626.5963159054224
241,Srichaphan P.,760,379,1761.0239426781397
242,van Scheppingen D.,227,47,1485.0829185950372
243,Krajan Z.,23,33,1401.2766311739595
244,Portas A.,348,220,1469.1877045403537
245,Sargsian S.,394,218,1624.079077082798
246,Schuettler R.,399,548,1682.249521258711
247,Mamiit C.,72,95,1429.0613241927554
248,Montanes A.,690,544,1489.8339996645327
249,van Lottum J.,48,68,1434.8176323609339
250,Amritraj P.,127,35,1442.0255452770173
251,Knowle J.,0,39,1341.4627096870843
252,Moya C.,1620,565,1696.721122897509
253,Mantilla F.,410,240,1598.079337031853
254,Ascione T.,304,73,1373.8395224637084
255,Patience O.,424,79,1395.5494138753006
256,Gimelstob J.,40,152,1464.2029948651145
257,Heuberger I.,217,80,1436.5016231741945
258,Garcia A.,251,34,1399.3007974984905
259,Garcia-Lopez G.,645,652,1460.8131032148488
260,Lu Y.H.,1003,354,1531.0233693803664
261,Kim K.,429,138,1406.201790130656
262,Zib T.,300,126,1451.4590449683503
263,Bjorkman J.,723,361,1613.6167695537142
264,Devilder N.,657,70,1403.744578110349
265,Bopanna R.,150,21,1424.6417252014328
266,Koubek S.,640,360,1633.7396539227566
267,Rastogi K.,94,5,1458.3504191753234
268,Roger-Vasselin E.,385,208,1511.0676002676855
269,Eschauer W.,568,52,1398.8196440942959
270,Haase R.,1020,458,1562.9028519888022
271,Zovko L.,51,8,1468.8729108107543
272,Ram R.,563,150,1384.4085023536052
273,Kudryavtsev A.,176,20,1415.6119421153962
274,Greul S.,508,116,1504.8964308650225
275,Sela D.,710,289,1563.8691952879497
276,Dlouhy L.,390,67,1417.378788484485
277,Granollers-Pujol M.,619,447,1637.032361126579
278,Beck A.,1066,100,1505.845293157043
279,Devvarman S.,43,115,1440.5992745839446
280,Minar I.,529,96,1438.2575663522573
281,Tipsarevic J.,582,486,1609.6858602928598
282,Cipolla F.,596,101,1495.0786440583327
283,Hajek J.,507,98,1404.0580106047585
284,de Bakker T.,985,134,1519.0334166137368
285,Ginepri R.,725,379,1687.0594488931763
286,Lacko L.,697,215,1447.6060817468608
287,Robert S.,926,113,1470.5267244810143
288,Kendrick R.,603,112,1453.193246569359
289,Sugita Y.,1219,129,1516.1256647041291
290,Kavcic B.,524,120,1412.0684361230624
291,Bhambri Y.,372,40,1461.3752594478572
292,Paire B.,910,529,1532.6648510237726
293,Hanescu V.,853,412,1490.4776974902045
294,Darcis S.,693,214,1586.614227837965
295,Soeda G.,772,105,1399.904179469529
296,Almagro N.,895,657,1578.6224840172
297,Bachinger M.,191,86,1524.635266201604
298,Stebe C-M.,295,2,1503.8714501169354
299,Bautista R.,1525,224,1697.9245585064168
300,Stakhovsky S.,187,339,1577.5943401023806
301,Vesely J.,1092,293,1476.7901212678182
302,Pospisil V.,530,281,1627.006321817662
303,Ramanathan R.,164,40,1448.6917203885737
304,Haider-Maurer A.,775,113,1458.0490786775933
305,Coric B.,1675,357,1705.0866477509003
306,Ymer E.,437,84,1447.3463598957815
307,Carreno-Busta P.,719,108,1513.1611063677926
308,Gojowczyk P.,881,172,1574.8162340832198
309,Pavic A.,42,13,1413.2787685443145
310,Krajicek A.,450,36,1470.5906063946281
311,Rosol L.,737,259,1558.2701757756602
312,Vanni L.,334,23,1374.83825601527
313,Fabbiano T.,699,89,1419.4198816144226
314,Kovalik J.,513,68,1457.2576953438179
315,Olivo R.,336,55,1486.1238719022458
316,Dutra da Silva R.,110,82,1423.9208674337976
317,Ramos-Vinolas A.,1085,446,1533.5627201925229
318,Tsitsipas S.,5350,423,1846.1019034143408
319,Basic M.,729,50,1520.2364992365606
320,Pella G.,792,261,1523.7096735398404
321,Jarry N.,1110,166,1594.7463172624807
322,Marterer M.,786,100,1414.3954208927946
323,Cecchinato M.,1829,206,1432.1458726068588
324,Lajovic D.,1286,400,1513.8335376657558
325,Cuevas P.,1280,423,1533.2986495612015
326,Evans D.,1585,268,1643.8542282087728
327,Harris L.,1658,136,1609.1169026820146
328,Bolt A.,165,44,1457.0799936158883
329,Carreno Busta P.,2450,352,1681.6768354942653
330,Auger-Aliassime F.,3995,295,1816.518129539351
331,Harrison C.,35,15,1485.5689654989305
332,Galan D.E.,712,90,1484.3020244536315
333,Quiroz R.,232,6,1495.3463837774807
334,Fratangelo B.,418,62,1493.11027498904
335,Norrie C.,2490,310,1631.6196701348679
336,Tiafoe F.,1920,326,1680.6259754934065
337,Isner J.,960,760,1724.4747299457936
338,Hurkacz H.,3220,275,1732.3547265265706
339,Bagnis F.,952,126,1429.401217150161
340,Van De Zandschulp B.,1195,138,1641.8324977305278
341,Griekspoor T.,738,120,1558.8747269871105
342,Laaksonen H.,315,101,1510.6512710546608
343,Molcan A.,987,87,1582.2883732952996
344,Cressy M.,1254,98,1564.6577490777966
345,Munar J.,839,189,1460.8038001101545
346,Bonzi B.,781,95,1475.5080266294485
347,Carballes Baena R.,816,221,1543.0605031254865
348,van Rijthoven T.,493,19,1528.5455521972956
349,Martinez P.,810,120,1528.14553248727
350,Karatsev A.,795,152,1547.0812654935319
351,Cobolli F.,328,24,1493.6183706447603
352,Shang J.,397,23,1437.4671011351027
353,Kotov P.,721,46,1575.5493151055468
354,Broady L.,314,50,1537.971275480372
355,Ofner S.,414,59,1585.3331706480299
356,Huesler M.A.,784,64,1528.3558995170097
357,Fils A.,164,48,1593.8075975809986
358,Musetti L.,1746,168,1662.4418178039928
359,Bastl G.,271,114,1472.61638490028
360,Berasategui A.,0,19,1385.9245508912193
361,Caratti C.,0,13,1386.2921902810558
362,Cherkasov A.,0,4,1476.8092774443226
363,El-Aynaoui Y.,99,279,1633.2099202761758
364,Gaudio G.,1850,418,1577.3194327836707
365,Marin J.A.,278,81,1414.2589451441686
366,Tillstrom M.,0,31,1512.5523979653385
367,Vacek D.,0,29,1396.9077875225105
368,Boutter J.,0,138,1588.7269719790145
369,di Pasquale A.,0,90,1423.1267290888925
370,Kafelnikov Y.,0,291,1804.3168997431223
371,Pozzi G.,0,78,1510.5563753406939
372,Rios M.,0,163,1725.5581941723249
373,Rosset M.,0,138,1553.1278132887842
374,Ulihrach B.,92,192,1594.4436259066645
375,Vicente F.,420,248,1420.4240943523105
376,Voltchkov V.,0,105,1623.1725141071515
377,Ivanisevic G.,0,109,1592.7216190099866
378,Novak J.,725,364,1700.300414586217
379,Ogorodov O.,0,12,1473.5331481204992
380,Hantschek M.,0,2,1501.3011373706433
381,Costa A.,410,272,1621.831829670931
382,Kratochvil M.,1,159,1568.1023190721596
383,Lee H.T.,771,267,1554.4337154757054
384,Vico U.,141,7,1479.679595693489
385,Lopez M.,20,52,1537.6213545989115
386,Chiudinelli M.,117,129,1466.9538641277748
387,Moodie W.,325,110,1598.552828248202
388,Volandri F.,721,382,1452.2804467053134
389,Vik R.,489,55,1499.1225536628847
390,Starace P.,937,334,1504.6833212756815
391,Tursunov D.,1175,438,1623.1662922324942
392,Ramirez-Hidalgo R.,738,185,1466.411793374024
393,Luzzi F.,292,44,1446.6383293281956
394,Peya A.,132,63,1424.7830942873188
395,Marchenko I.,749,132,1513.5901951186543
396,Bubka S.,344,17,1450.930492172751
397,Gabashvili T.,344,304,1453.9110706602016
398,Veic A.,245,32,1409.1961593358349
399,Ramos A.,830,148,1485.8868028872907
400,Bogomolov Jr.A.,1170,169,1604.5804203052803
401,Gremelmayr D.,538,87,1426.8309394887556
402,Zemlja G.,660,64,1559.8549204683643
403,Bolelli S.,873,269,1528.3290049570328
404,Lorenzi P.,1130,284,1509.294300127325
405,Safwat M.,324,14,1399.862407206656
406,Brands D.,307,151,1546.3590231849678
407,Brown D.,722,159,1532.3640209606504
408,Souza J.,576,72,1386.2390015179162
409,Dzumhur D.,940,234,1641.732532896991
410,Munoz de la Nava D.,423,37,1378.3405759621642
411,Kuznetsov An.,970,163,1524.255308109991
412,Andujar P.,895,404,1463.0412519795252
413,Mayer L.,1125,360,1494.3008533288978
414,de Greef A.,475,8,1489.0172064105575
415,Melzer G.,728,46,1411.1417676637907
416,Ojeda Lara R.,287,6,1504.3104647924124
417,Ivashka I.,730,161,1640.1181973603464
418,Donskoy E.,686,162,1471.3585072683272
419,Jaziri M.,923,217,1543.3266734358142
420,Sandgren T.,838,122,1560.2865723336138
421,Vukic A.,927,53,1515.7611060701925
422,Majchrzak K.,610,50,1511.7132027389587
423,O Connell C.,790,83,1518.7632197846258
424,Purcell M.,1002,56,1494.9988754861952
425,Caruso S.,330,63,1464.31993578893
426,Sweeny D.,214,6,1477.5472037017105
427,Alcaraz C.,6730,199,1888.284754119677
428,Torpegaard M.,291,4,1463.9620423373258
429,Vilella Martinez M.,446,10,1488.406381862602
430,Stebe C.M.,230,76,1510.4298849578267
431,Opelka R.,1203,168,1668.4365816591048
432,Rinderknech A.,997,111,1627.2467964969337
433,Davidovich Fokina A.,1300,190,1556.2862034882864
434,Sonego L.,935,243,1543.639052315874
435,Lehecka J.,694,87,1540.0736064712603
436,Balcells J.,0,78,1524.3346252838853
437,Chang M.,0,141,1617.738798344427
438,Ferrero J.C.,1425,687,1660.3533384916855
439,Gustafsson M.,0,68,1588.158480654504
440,Sell M.,0,2,1504.915070754846
441,Clavet F.,0,147,1450.9746667885508
442,Martelli M.,0,5,1481.613997545038
443,Medvedev A.,0,62,1566.7731283638905
444,Weiner G.,192,30,1404.54282525
445,Elseneer G.,229,38,1426.0318637425407
446,Nalbandian D.,2195,541,1927.286658316579
447,Nielsen M.,105,9,1414.9506939050732
448,Safin M.,890,544,1853.850772776176
449,Coria G.,2190,324,1674.6828874017892
450,Gonzalez F.,1690,520,1707.4021898001465
451,Kuerten G.,85,308,1740.0915862767731
452,Carraz G.,264,82,1552.5290481468237
453,Hemmes F.,0,4,1476.2315403572766
454,Hernych J.,459,194,1488.7697198842116
455,Mello R.,398,137,1541.239944233245
456,Bracciali D.,566,80,1523.056489385457
457,Monaco J.,1385,582,1686.6831289940408
458,Roitman S.,412,87,1399.4831176546304
459,Reynolds B.,527,100,1393.3901580540555
460,Statham J.,56,8,1443.4374310010694
461,Lammer M.,161,22,1433.7975563807447
462,Mannarino A.,991,598,1633.8038972723089
463,Berlocq C.,800,312,1499.9049314054269
464,Baker B.,762,59,1439.1113730523275
465,Sijsling I.,713,133,1508.0731797215901
466,Jones G.,252,7,1434.7632546179996
467,Levine J.,662,93,1477.8420914295593
468,Sock J.,2765,324,1814.4634805262963
469,Young D.,865,312,1533.843358556717
470,Klahn B.,575,56,1455.3777538675683
471,de Schepper K.,532,88,1404.908272974241
472,Venus M.,127,11,1399.4670207807571
473,Barton M.,212,8,1527.914770237398
474,Klein B.,214,13,1413.7974314938015
475,Sousa J.,1017,436,1589.7657320548865
476,Fritz T.,2955,384,1689.9692855196442
477,Barrere G.,698,93,1487.451958467545
478,Polmans M.,410,22,1436.0394641854416
479,Garin C.,615,201,1581.6259188770478
480,Delbonis F.,960,340,1394.202666066854
481,Tabilo A.,741,53,1510.900982374816
482,Zverev A.,5085,544,1874.8548264932049
483,Coria F.,950,109,1537.413503009269
484,Sousa P.,528,36,1363.6271105278133
485,Bourchier H.,138,2,1503.9929587046695
486,Harris A.,251,3,1489.4434867624466
487,Baez S.,1057,127,1573.303009207009
488,Nakashima B.,937,116,1673.6983390423977
489,Lestienne C.,689,51,1465.2560672658815
490,Brooksby J.,945,79,1665.9760937420676
491,Wolf J.J.,840,90,1579.9160103482602
492,Eubanks C.,1323,78,1451.2701452408792
493,Shelton B.,2355,65,1683.9428787870938
494,Van Assche L.,755,35,1496.3079356138212
495,Muller A.,711,36,1458.385982624286
496,Borges N.,573,48,1477.9220479983614
497,Marozsan F.,815,27,1621.7184192613854
498,Corretja A.,0,240,1631.052422529534
499,Ilie A.,0,104,1438.9372209245705
500,Woodbridge T.,0,20,1475.2387131306616
501,Ferreira W.,0,211,1635.8346357170287
502,Kucera V.,0,2,1506.2183104306368
503,Healey N.,205,18,1432.1193104204008
504,Gil F.,669,115,1449.0947759243293
505,Sweeting R.,690,89,1421.7395150093687
506,Janowicz J.,2150,164,1686.9787307962933
507,Sarkissian A.,234,6,1467.0557873516152
508,Elias G.,801,67,1493.2485416105153
509,Andreozzi G.,498,39,1455.2591696909658
510,Balazs A.,182,34,1539.8724246282936
511,Taberner C.,432,37,1460.308269970283
512,Cachin P.,846,59,1524.0724800855971
513,Londero J.I.,1017,83,1480.940078183578
514,Koepfer D.,1015,96,1560.4015813763385
515,Albot R.,1022,220,1517.131260443761
516,Ruud C.,5020,328,1666.9830208620376
517,Kozlov S.,87,35,1374.462365633946
518,Otte O.,806,78,1504.8053645049258
519,Gombos N.,443,66,1412.7760254486614
520,Watanuki Y.,722,31,1489.7302096427236
521,Etcheverry T.,1380,86,1550.0475464539195
522,Cerundolo F.,1431,127,1627.2366974912582
523,Svrcina D.,378,5,1481.6856604265208
524,Holt B.,232,8,1444.7294288163112
525,Couacaud E.,280,10,1445.9763494337128
526,De Jong J.,235,6,1454.8445780544278
527,Gaston H.,701,69,1578.9449675308178
528,Mensik J.,305,10,1598.3211899111488
529,Kovacevic A.,422,23,1496.8874663113172
530,Zhang Zh.,507,64,1595.7699808351379
531,Michelsen A.,481,24,1567.6813126494806
532,Cazaux A.,508,12,1480.1815853385913
533,Zeppieri G.,328,17,1463.9947536091242
534,Nagal S.,264,19,1407.611352117107
535,Agassi A.,2275,353,1820.4503641602512
536,Alami K.,0,75,1437.5205867557954
537,Black W.,0,39,1520.5395773587752
538,Hill M.,0,3,1484.698656158185
539,Kroslak J.,0,18,1448.6105107105996
540,Pretzsch A.,0,21,1430.2673519828154
541,Sampras P.,0,138,1875.3313589048207
542,Stafford G.,0,2,1501.4723064880898
543,Tieleman L.,0,29,1430.8107037282707
544,Ullyett K.,0,7,1452.7826800725236
545,Woodforde M.,0,10,1452.8714213112426
546,Woodruff C.,0,70,1505.5894324756978
547,Burgsmuller L.,348,178,1444.016158463709
548,Nestor D.,0,26,1430.535673408065
549,Popp A.,147,108,1474.6751698744724
550,Prinosil D.,0,77,1569.566817824943
551,Rafter P.,0,103,1755.2480795542606
552,Sa A.,161,122,1516.6625177520807
553,Siemerink J.,0,52,1399.730903767144
554,Bachelot J.F,0,8,1485.486295288406
555,Delgado R.,370,83,1543.029017227247
556,Gaudenzi A.,0,107,1474.766694407252
557,Hipfl M.,0,90,1405.760119319229
558,Savolt A.,0,73,1448.6332330934265
559,Simoni A.,0,30,1430.5467731435037
560,Furlan R.,0,18,1452.3202294727796
561,Crabb J.,0,8,1428.8340954537164
562,Kutsenko V.,0,10,1465.5451723527092
563,Larkham T.,0,7,1464.2425669361312
564,Blanco G.,122,148,1471.9486141691775
565,Morrison J.,260,85,1507.5316404592004
566,Vacek J.,132,88,1471.8219838290504
567,Suzuki T.,6,37,1599.9109671935053
568,Ventura S.,452,97,1449.1530997585758
569,Wang Y.T.,304,40,1484.173907186972
570,Faurel J.C.,288,9,1441.5558612489504
571,Horna L.,590,250,1556.5518208374772
572,Norman D.,442,54,1365.9802905602392
573,Pashanski B.,472,72,1478.9191078219055
574,Fleishman Z.,302,24,1442.531914083888
575,Udomchoke D.,397,69,1389.9395535270369
576,Smeets R.,255,9,1432.9389584298992
577,Capdeville P.,414,102,1460.9182543461322
578,Kuznetsov A.,257,26,1395.335740701626
579,Bozoljac I.,186,25,1413.5131263997175
580,Warburg S.,255,15,1478.8516158685497
581,Hernandez O.,633,190,1392.232083293143
582,Dabul B.,424,42,1435.8884761367776
583,de Chaunac S.,50,33,1477.9844944879592
584,Karanusic R.,231,50,1389.4380167852653
585,Golubev A.,1145,158,1563.7267832763134
586,Sorensen L.,34,6,1470.7681000786472
587,Sergeyev I.,225,2,1506.2498634888739
588,Ilhan M.,570,74,1403.6445407798458
589,Schwank E.,778,98,1478.4448571890787
590,Riba P.,630,85,1382.9145024653667
591,Rufin G.,589,44,1483.2466680258835
592,Gimeno-Traver D.,684,263,1418.1438040887488
593,Smyczek T.,510,128,1445.64169608075
594,Weintraub A.,260,6,1446.164724999538
595,Przysiezny M.,313,78,1441.0863061528732
596,Rola B.,638,27,1428.7504314940243
597,Millot V.,189,30,1407.7432766425927
598,Gonzalez A.,470,46,1384.6250714149464
599,Rubin N.,418,29,1427.4337930769618
600,Jasika O.,24,5,1478.6806258860993
601,Trungelliti M.,212,33,1444.8621868119085
602,Estrella Burgos V.,767,109,1466.5323077211685
603,Whittington A.,295,5,1487.503590915938
604,Escobedo E.,487,58,1452.7675410996358
605,Bemelmans R.,434,72,1516.2896761856707
606,Kicker N.,558,47,1468.9522448602552
607,Varillas J.P.,779,35,1529.5627735796138
608,Ficovich J.P.,277,3,1485.2928994132515
609,Milojevic N.,305,14,1502.584079476524
610,Zapata Miralles B.,704,93,1450.8701885804549
611,Darderi L.,321,10,1547.8891146529988
612,Barrios M.,525,13,1455.0918444663907
613,Dellien H.,693,74,1411.802423256394
614,Mayot H.,348,10,1524.6809529101488
615,Llamas Ruiz P.,236,4,1507.9629027665676
616,Armando H.,174,43,1464.2373095850326
617,Etlis G.,0,30,1503.7808700445219
618,Hadad M.,0,4,1493.9682770341437
619,Hirigoyen I.,0,4,1476.3977993960204
620,Tobon M.,0,2,1506.9651501923622
621,Viloca J.A.,0,12,1518.1145992210359
622,Varlet J.,0,11,1444.593271303662
623,Widom T.,326,10,1505.90263456897
624,Sun P.,45,5,1451.915616278463
625,Guzman J.P.,228,22,1425.2681539383507
626,Marach O.,417,45,1471.0057161206562
627,Salzenstein J.,47,37,1403.8535348784583
628,Brzezicki J.P.,281,23,1402.9727377465426
629,Hartfield D.,441,46,1474.0471267385553
630,Vassallo-Arguello M.,645,126,1424.7171006269962
631,Marrero D.,192,9,1458.908293282465
632,de Voest R.,382,57,1451.3464415485792
633,Klaasen R.,81,8,1501.7501677565715
634,van der Merwe I.,128,3,1486.4178039862334
635,Recouderc L.,239,15,1436.7691334062124
636,Prpic F.,142,10,1439.7902211876585
637,Ouanna J.,305,26,1531.1140045388995
638,van Der Merwe I.,339,10,1537.146063632371
639,Alves T.,343,30,1429.5832099598838
640,Huta Galung J.,566,30,1353.1134318595434
641,Wolmarans F.,177,3,1473.4727715044492
642,Brugues-Davi A.,291,4,1473.5043318526298
643,Olivetti A.,173,14,1475.0030149690085
644,Giannessi A.,399,35,1430.209010649044
645,Marcora R.,320,7,1481.2350218051413
646,Gunneswaran P.,349,28,1414.5802098605816
647,Novak D.,369,58,1405.4656059343476
648,Wu Y.,91,38,1510.5903357991665
649,Gomez E.,516,26,1414.2119951095024
650,Diaz Acosta F.,629,20,1522.9176541771742
651,Burruchaga R.,359,2,1498.3373213340017
652,Tirante T.A.,452,7,1497.0771560235503
653,Diaz J.,0,43,1363.078375906382
654,Guardiola T.,0,9,1436.614877978
655,Roux L.,0,13,1501.5684391552404
656,Bruguera S.,0,72,1533.0274658685728
657,Godwin N.,0,28,1436.851942886079
658,Larsson M.,0,58,1564.9673524530053
659,Cadart R.,0,7,1462.8744301979655
660,Mutis O.,0,60,1526.1982390237372
661,Hippensteel K.,0,4,1474.3208380846977
662,Cuadrado C.,170,8,1496.2385637930452
663,Marcaccio G.,74,5,1481.4979761284962
664,Aguilar J.,205,6,1460.5829297322136
665,di Mauro A.,434,51,1354.8347323091914
666,Friedl L.,0,8,1472.4719572595434
667,Navarro-Pastor I.,559,100,1487.2736805858722
668,Decoud S.,234,8,1511.6056340394061
669,Gonzalez M.,356,86,1426.9268672473231
670,Machado R.,421,50,1370.9829290747352
671,Zampieri C.,280,3,1488.9767656821066
672,Junqueira D.,581,43,1403.4440371872715
673,del Bonis F.,329,13,1512.6767399072946
674,Alund M.,512,17,1511.3765109145897
675,Cervantes I.,685,49,1429.3628036144537
676,Lapentti G.,218,30,1424.0741356482058
677,Gaio F.,314,18,1392.6863408474208
678,Hoang A.,521,19,1476.683873325369
679,Kopriva V.,341,11,1511.2078316067
680,Courier J.,0,9,1503.4383668884527
681,Gumy H.,0,31,1438.112658636298
682,Liukko V.,0,4,1505.6841395770805
683,Miranda I.,0,19,1438.1875921571045
684,Saretta F.,360,142,1544.990050690606
685,Puerta M.,1799,161,1490.1904213647701
686,Cakl T.,170,12,1430.5117842043928
687,Koellerer D.,634,53,1466.2727754976559
688,Jelenic P.,49,2,1501.8922376133323
689,Sidorenko A.,205,13,1442.111074252215
690,Ward J.,481,65,1329.5994180972377
691,Maden Y.,468,26,1485.694530284996
692,Jung J.,456,32,1397.9431754321267
693,Ugo Carabelli C.,410,7,1494.7735620493413
694,Varillas J. P.,520,21,1498.093493002052
695,MacPhie B.,0,2,1505.855076750717
696,Reneberg R.,0,2,1502.9505712050016
697,Rodriguez M.,0,15,1455.1814166327476
698,Bryan B.,0,40,1418.7701327663992
699,Coutelot N.,0,32,1465.8068425825213
700,Silva J.,354,11,1395.752636548702
701,Daniel M.,390,83,1357.6689279956413
702,Gamonal H.,0,7,1454.6107303893498
703,Viola M.,405,15,1425.6538356988035
704,Rodionov J.,445,31,1473.80840234493
705,Pecotic M.,24,2,1504.5901251065668
706,Vavassori A.,180,15,1523.2261574206852
707,Dewulf F.,0,4,1488.1535370096863
708,Elsner D.,94,31,1389.798986008132
709,Meligeni F.,0,124,1568.461726120235
710,Massa E.,163,24,1430.2540675034818
711,Niemeyer F.,215,20,1426.9231637918178
712,Haehnel J.,158,26,1514.4414722420825
713,Kutrovsky D.,81,3,1515.1838697048497
714,Kuznetsov Al.,308,21,1392.1288371065955
715,King D.,338,12,1430.2945815472428
716,Menendez-Maceiras A.,431,24,1404.1508132642386
717,Schnur B.,571,19,1394.2063963993162
718,Brouwer G.,381,22,1537.7227804833992
719,Kypson P.,2325,6,1471.581911535957
720,Svajda Z.,102,12,1438.9859928475878
721,Moreno De Alboran N.,401,5,1454.4350203428933
722,Taino E.,141,26,1469.3459308541674
723,Rettenmaier T.,105,4,1508.6967608267996
724,Wilson B.,50,5,1453.6148859519587
725,Marti J.,274,13,1411.886294949973
726,Krueger M.,218,27,1435.2716478280129
727,Hernandez A.,57,9,1442.012277319954
728,Lareau S.,0,26,1442.2451950695634
729,Lee M.,149,46,1450.7578437003106
730,Ghem A.,244,7,1468.8978801581823
731,Ferreiro F.,402,6,1472.1969437465177
732,Reister J.,90,48,1405.3601288925956
733,Williams R.,488,25,1429.3111581550068
734,Smith J.P.,298,27,1377.3821976332551
735,Skugor F.,146,27,1410.301468810991
736,Seyboth Wild T.,742,38,1431.5654844061587
737,Domingues J.,237,11,1518.8284599533933
738,Ritschard A.,290,9,1475.573463325409
739,Riedi L.,391,6,1452.6580583122739
740,Melo D.,0,5,1462.1423473961106
741,Marin J.A,0,2,1503.5020478010154
742,Mertens Y.,237,3,1483.7862176449746
743,Nava E.,303,18,1402.0370952724265
744,Bryan M.,0,13,1473.4275998736716
745,Meffert D.,172,13,1489.7950009531098
746,Berrettini J.,19,2,1505.004770167368
747,Meligeni Alves F.,369,7,1497.8762455998021
748,Navone M.,551,7,1527.3920498193143
749,Fonseca J.,49,4,1505.2227930006104
750,Alvarez E.,0,20,1448.0152326964746
751,Hood M.,0,5,1481.08241896343
752,Abel M.,0,9,1448.490163100369
753,Sabau R.,469,44,1411.6636432558971
754,Gonzalez S.,248,9,1423.0339516565493
755,Barrios Vera M.T.,134,2,1495.7339486052301
756,Lu Y.,333,11,1402.0522425468896
757,Prieto S.,0,6,1450.939186238179
758,Klec I.,82,8,1429.728302274288
759,Al-Ghareeb M.,89,8,1442.7257478389506
760,Ledovskikh M.,180,17,1416.512070660822
761,Arguello F.,510,17,1351.5341125809296
762,Bonadio R.,325,3,1483.1226422191492
763,Goellner M.K.,0,25,1471.458410398728
764,Larose S.,0,12,1537.1323126874793
765,Clezar G.,276,12,1385.7299224744795
766,Pucinelli de Almeida M.,199,2,1507.1609002361374
767,Wu T.L.,243,6,1461.1433517635255
768,Puentes G.,0,22,1433.6979900441372
769,Querry S.,44,7,1463.573979446539
770,Polansky P.,455,50,1434.851478336364
771,Rocha D.,0,3,1494.1092236913053
772,Herbert P.H,413,16,1558.5684128176822
773,Alonso J.,0,13,1462.4686712807038
774,Huet S.,0,27,1385.7096525629543
775,El-Aarej M.,34,7,1420.2423097004737
776,Kohlmann M.,1,43,1495.3146232052168
777,Browne F.,0,28,1456.0039592694343
778,Prodon E.,599,20,1317.87894110484
779,Waske A.,406,89,1460.1808595122752
780,Jenkins S.,204,20,1439.3080061518265
781,Vemic D.,229,21,1516.2682630070044
782,El-Amrani R.,38,9,1468.8693862750974
783,Gutierrez-Ferrol S.,52,4,1500.0983724650291
784,Ouahab L.,356,15,1442.5310301994302
785,Peliwo F.,64,6,1483.1045501525662
786,Nedovyesov A.,475,23,1384.6427363928524
787,Lopez-Moron A.,0,10,1392.1544873540875
788,Willems R.,0,2,1501.0378216297804
789,Wiltschnig H.,0,4,1464.334719764412
790,Knippschild J.,0,42,1443.6716138148993
791,Mota B.,0,3,1491.625344808867
792,Gensse A.,341,4,1476.0639971400867
793,Mektic N.,166,9,1431.0202963062304
794,Ahouda A.,27,4,1471.5883799992957
795,Quinzi G.,163,2,1498.870012437629
796,Arnaboldi A.,304,14,1462.2523671932895
797,Vatutin A.,182,8,1442.2319779996333
798,Giustino L.,279,8,1430.4498712920613
799,Galan D.,379,3,1534.9469532637436
800,Passaro F.,462,10,1483.8140817421843
801,Balleret B.,154,11,1461.9872612245445
802,Stepanek M.,1070,2,1510.8971191057935
803,Gakhov I.,153,3,1505.1614739494262
804,Nardi L.,429,12,1431.2450533363158
805,Perez D.,36,7,1438.468681269927
806,Navarro S.,0,5,1494.0720349453293
807,Fogues F.,0,3,1500.2856947111843
808,Schukin Y.,228,32,1452.7285628259226
809,Vagnozzi S.,206,11,1482.2765199537516
810,Farah R.,168,9,1483.495348284153
811,Olaso G.,319,6,1480.1986055619955
812,Pellegrino A.,157,2,1503.651396147376
813,Thomann N.,146,37,1507.1521021386068
814,Saoudi S.,48,5,1482.3578040641376
815,Tahiri M.,37,7,1435.8660588466407
816,Trujillo G.,163,2,1506.1311362710057
817,Crivoi V.,509,41,1394.0033759719668
818,Ungur A.,520,33,1370.2210067737053
819,Zopp J.,437,47,1446.7592577342975
820,Shelbayh A.,294,9,1446.2243888318071
821,Gross O.,0,12,1430.3918165461396
822,Nadal-Parera R.,0,2,1497.2842269942812
823,Srichaphan N.,0,4,1511.7392607767085
824,Naso G.,80,14,1400.2216955158801
825,Silva F.F.,198,3,1493.009690257732
826,Bergs Z.,378,18,1445.318066657453
827,Stricker D.,451,28,1595.453478579957
828,Cermak F.,12,24,1462.314333415968
829,Mertinak M.,129,15,1426.9155842044422
830,Summerer T.,172,9,1433.5047687117856
831,Tavares L.,185,3,1490.107409201173
832,Molleker R.,195,15,1461.0954457707862
833,Galimberti G.,159,21,1411.829662587463
834,Krstin P.,181,5,1469.620140713387
835,Moraing M.,222,3,1505.1455352637765
836,Schuettler P.,0,3,1528.722740694914
837,Zimonjic N.,28,16,1445.6580368757682
838,Santopadre V.,0,4,1477.211733733346
839,Jeanpierre J.,0,5,1515.8788832172004
840,Montcourt M.,373,15,1474.6515005721926
841,Delic M.,288,10,1424.0698823478472
842,Donati M.,172,2,1512.3293508217453
843,Nikles J.,18,4,1470.5067860488984
844,Brasington J.,0,10,1449.606343760131
845,Hadad A.,91,6,1500.5878409066981
846,Kindlmann D.,257,12,1407.768293366144
847,Economidis K.,365,12,1388.5390132598297
848,Lopez-Jaen M.A.,140,3,1504.1537800328545
849,Teixeira M.,215,6,1450.1080901275072
850,Schoorel T.,301,6,1463.9050402085
851,Diez S.,285,10,1449.7262386345537
852,Forejtek J.,95,2,1516.1188288680787
853,Guinard M.,386,9,1516.2803298204824
854,Olivieri G.,257,3,1528.1020724033501
855,Charpentier M.,0,8,1434.5743009047676
856,Traykov I.,0,2,1506.987968552971
857,Marray J.,101,12,1477.0084637855693
858,Whitehouse W.,87,10,1466.4131355244715
859,Ancic I.,0,3,1523.1741329778854
860,Flanagan I.,0,3,1532.7882278585107
861,Qureshi A.,278,10,1509.7474069377556
862,Stadler S.,192,16,1507.3536835194543
863,Michon A.,238,2,1500.2872374566418
864,Mina G.,107,5,1472.4959039538578
865,Hemery C.,307,11,1431.4575303832187
866,Horansky F.,257,8,1424.362158301243
867,Benchetrit E.,202,8,1454.8063981400567
868,Gojo B.,301,24,1495.9335431355369
869,Kolar Z.,256,4,1497.3091434647474
870,Burrieza O.,0,5,1463.5592433536847
871,Andersen J.F.,0,8,1454.7224082549844
872,Ondruska M.,0,8,1443.9702282749795
873,Motomura G.,146,20,1413.6181463296648
874,Bogdanovic A.,295,37,1394.9750823090376
875,Baker J.,275,19,1379.8498053089872
876,Zhang Z.,161,15,1468.4666412111958
877,Pavlasek A.,662,14,1495.5624613064892
878,Bourgue M.,212,6,1466.238708565532
879,Napolitano S.,238,5,1472.0539922964845
880,Kravchuk K.,195,32,1392.0644828260968
881,Wheaton D.,0,4,1484.535929319828
882,Allegro Y.,0,13,1458.5727036645046
883,Goodall J.,146,12,1391.3013618074385
884,Cowan B.,0,16,1430.8176922952046
885,Pescosolido S.,0,7,1435.6872204330348
886,Hilton M.,0,5,1466.3843668457112
887,Dell'Acqua M.,57,6,1477.7368932369923
888,Kontinen H.,54,3,1484.7397469158004
889,Peniston R.,391,13,1540.7280574142708
890,Braasch K.,0,3,1520.8317879975475
891,Childs L.,74,10,1458.496022009534
892,Baccanello P.,0,9,1456.6434614225086
893,Verdasco M.,0,2,1507.992414559767
894,Sherwood D.,0,2,1503.7006703220602
895,Bloomfield R.,107,16,1451.2751165054528
896,van Gemerden M.,163,10,1506.493617705641
897,Guccione A.,459,3,1478.8656157175174
898,Evans B.,243,21,1426.9836469046322
899,Fischer M.,256,21,1334.0555381950826
900,Pavic M.,107,13,1434.7145827173358
901,Bower J.,0,3,1493.1078322408855
902,O'Brien A.,0,11,1446.3910137104003
903,Fraile G.,336,9,1416.2388699655316
904,Rehnquist B.,117,14,1463.1178658054314
905,Eaton C.,29,2,1500.2015804986393
906,Wang J.,346,21,1495.106314761426
907,Yani M.,198,17,1410.4958871009014
908,Saville L.,176,9,1448.0173680938226
909,Puetz T.,191,3,1489.93141730573
910,Krawietz K.,142,5,1469.687599587446
911,Ryderstedt M.,176,20,1500.2178063681904
912,Eleskovic E.,61,10,1447.9825652714267
913,Dasnieres de Veigy J.,218,6,1471.4471159493182
914,Lindell C.,215,10,1427.4540515954411
915,Bellier A.,280,9,1516.2189323807947
916,Choinski J.,408,6,1460.3803158995015
917,Settergren J.,0,6,1482.0556736647584
918,Blake T.,0,7,1464.3415408666688
919,Erlich J.,0,9,1492.2326921103547
920,Fukarek O.,0,14,1387.5052876929844
921,Mergea F.,129,4,1500.104106601731
922,Bohli S.,460,21,1371.1376638407871
923,Cervenak P.,246,9,1540.9048450050757
924,Willis M.,26,2,1507.7595315200595
925,Novikov D.,6,16,1473.2376697414297
926,Clarke J.,265,13,1417.3313444948476
927,Gray A.,173,4,1473.2746308350904
928,Misolic F.,384,14,1538.9836304462121
929,Borg L.,51,5,1468.9616347273145
930,Ramirez Hidalgo R.,0,16,1493.6135760563752
931,Qureshi A.U.H.,193,5,1482.9296322022574
932,Langer N.,122,3,1485.8840395113903
933,Marti Y.,232,7,1463.5323405640447
934,Davydenko P.,7,3,1481.677666445646
935,Soderlund C.,79,2,1501.9687865341532
936,Medjedovic H.,580,16,1496.1685859371955
937,Capalik K.,0,8,1486.7110072786834
938,Knittel B.,280,5,1479.5647780921734
939,Wessels L.,139,3,1487.970540615133
940,Quinn E.,90,5,1452.2234350902568
941,Tu L.,306,7,1429.3631401362145
942,Radic M.,0,6,1471.4898175874919
943,Sadecky A.,93,3,1485.9629335415395
944,Demoliner M.,6,2,1492.5470946841483
945,Gomez A.,34,2,1503.2122329808722
946,Santillan A.,341,9,1433.0410300359645
947,Serdarusic N.,244,9,1411.558331969144
948,Ajdukovic D.,175,4,1478.0110379118669
949,Carretero R.,0,4,1502.1901627442026
950,Schranz W.,0,2,1497.0698756006861
951,Wassen R.,0,8,1473.641857163135
952,Schiessling T.,0,4,1484.9060196123528
953,Eitzinger R.,195,9,1492.1059604482725
954,Jun W.S.,83,7,1446.0469045756731
955,Kosakowski D.,66,3,1491.1810163217021
956,Trinker B.,96,3,1498.2791979259287
957,Mertl J.,158,2,1505.5325344088285
958,King K.,34,7,1456.3037960966544
959,Serrano O.,0,8,1503.90891606408
960,Tuksar S.,225,7,1448.6382427350125
961,Oudsema S.,93,5,1473.1317106523059
962,Moroni G.,161,2,1504.0040909117242
963,Erler A.,146,2,1515.1955526977156
964,Prizmic D.,374,9,1475.9776430412185
965,Piros Z.,514,4,1474.1108453597435
966,Trifu G.,0,8,1455.6716284798706
967,Joyce M.,0,6,1498.6983433023665
968,Ianni S.,43,2,1511.912645293033
969,Oswald P.,9,4,1479.564349821664
970,Cacic N.,27,2,1503.1221019909333
971,Sakharov G.,269,4,1482.628000195252
972,Galovic V.,31,7,1480.192602703222
973,Roca Batalla O.,154,3,1492.1719090923746
974,Nargiso D.,0,12,1549.325313646027
975,Chadaj A.,168,2,1497.2247820435668
976,Masur D.,167,6,1459.718777835013
977,Agamenone F.,398,5,1538.3210250073466
978,King P.,78,9,1406.5376653566261
979,Stoppini A.,172,11,1503.3160035939254
980,Zekic M.,152,3,1493.4145534264355
981,Tseng C. H.,611,8,1466.6795219314133
982,Shimabukuro S.,129,8,1466.191006837624
983,Behr N.,0,9,1494.9744189775802
984,King E.,160,5,1469.1673991376397
985,Diallo G.,443,6,1468.3487487658224
986,Youzhny A.,1465,4,1524.6294470663722
987,Witten J.,212,10,1452.6039393713465
988,Duclos P.L.,136,4,1493.187747730234
989,Ram A.,57,10,1399.7413399818076
990,Gregorc L.,41,13,1529.5774755415416
991,Mcclune M.,86,2,1502.431659684351
992,Kumar O.,126,4,1504.7846997043648
993,Lu H.,0,2,1508.184312445499
994,de Heart R.,142,3,1503.4577625005948
995,Lee D.H.,226,2,1510.1271222674675
996,Skatov T.,477,6,1467.555522663273
997,Tseng C.H.,129,11,1431.2028782023344
998,Droguet T.,359,2,1509.4996316717845
999,Hsu Y.,338,6,1535.0740699711953
1000,Kralert P.,0,4,1472.203226645562
1001,Giner J.,0,5,1489.9261376560912
1002,Wang Y. Jr,71,2,1504.865005377638
1003,Matsui T.,42,4,1515.6649519219056
1004,Iwabuchi S.,94,13,1424.8756968656303
1005,Cruciat A.,234,3,1486.596433846699
1006,Rodrigues M.,173,2,1509.168241544094
1007,Renavand N.,116,2,1505.8910915315114
1008,Reix C.,64,2,1504.4250947653165
1009,Kohlschreiber P..,1505,2,1499.9593075376129
1010,Satral J.,237,3,1505.5039541465483
1011,Sekulic P.,189,3,1494.7444587487437
1012,Pescariu D.,0,3,1485.3989780034694
1013,Washington M.,11,5,1453.2876982852
1014,Moldovan I.,0,6,1451.7823694297088
1015,Boeker M.,0,5,1478.688712054989
1016,Coppejans K.,331,13,1399.8469218915027
1017,Lindahl N.,118,9,1424.1176067437755
1018,Scherrer J.C.,59,5,1456.6226861793336
1019,Moriya H.,193,14,1461.1611901638373
1020,Tarallo S.,0,2,1494.1732026911614
1021,Veronelli D.,0,5,1504.6595176728833
1022,Tenconi T.,0,3,1481.6032776300856
1023,Auckland J.,74,3,1525.5212011632566
1024,Jouan R.,163,5,1486.2969756313712
1025,Wu D.,217,24,1428.9979070704192
1026,Uchida K.,348,4,1488.2389871396863
1027,Kachmazov A.,2,5,1458.3944579598456
1028,Zhu B.Q.,0,5,1466.0577794112562
1029,Aldi F.,77,9,1423.194730298007
1030,Slanar M.,171,3,1497.7086185411476
1031,Zeng S.X.,96,6,1467.797266799423
1032,Bai Y.,202,8,1484.8151160933317
1033,Lazarov A.,38,7,1448.885968156613
1034,Zhukayev B.,147,4,1489.8729775864058
1035,Atmane T.,451,6,1463.823534742859
1036,Flygt K.,0,4,1506.9574348544074
1037,Yoon Y.,0,7,1489.9390371403897
1038,Tebbutt M.,0,3,1482.6331690993645
1039,Terachi T.,64,11,1466.558321408012
1040,Ascione A.,0,2,1500.6126403552119
1041,Clemens T.,194,4,1525.2007657530373
1042,Wang C.,60,2,1504.485130148559
1043,Zhang Ze,257,11,1429.9293930325564
1044,Leshem E.,87,3,1493.4812821434302
1045,Lajal M.,271,2,1503.1504806700686
1046,Mpetshi G.,272,5,1504.1271546918956
1047,Mochizuki S.,106,14,1441.9188433260376
1048,Iwami T.,41,4,1474.7475603687387
1049,Guez D.,287,18,1384.9056456092087
1050,Rieschick S.,191,4,1465.5727249569045
1051,Noguchi R.,167,2,1508.5866475168668
1052,Elgin M.,121,12,1459.001740409041
1053,Rosenholm P.,82,3,1508.4197124496604
1054,Kondo H.,39,4,1475.0264798625049
1055,Mecir M.,191,4,1477.0618885398608
1056,Pospisil J.,225,8,1448.495926130604
1057,Avidzba A.,59,2,1497.7154189363628
1058,Alvarez Varona N.,230,3,1493.4840660615257
1059,Valkusz M.,265,4,1480.7495134985068
1060,Lejnieks K.,31,2,1499.9447506283238
1061,Harris B.,277,2,1507.1197930177366
1062,Matsukevitch D.,84,4,1486.7262398545827
1063,Palmer J.,0,4,1525.5230226583308
1064,Robredo R.,2275,3,1518.8999306284404
1065,Froberg J.,0,2,1512.290517511804
1066,Ortegren J.,0,2,1502.1509261258077
1067,Smith L.,0,1,1484.0
1068,Kennedy A.,0,3,1457.338592409425
1069,Kimmich M.,103,3,1458.1831840838167
1070,Junaid R.,117,2,1466.156968123565
1071,Mitchell B.,131,5,1427.1761813724809
1072,Anderson O.,25,1,1484.0
1073,Zuk K.,428,3,1460.6877332168103
1074,Kirkin E.,6,2,1468.130124324153
1075,Vrbensky M.,148,1,1484.0
1076,Kumar S.,0,1,1484.0
1077,Spottl M.,0,2,1472.2022372015417
1078,Kilderry P.,0,3,1455.6958694761345
1079,Ishii Y.,0,4,1452.3611191498721
1080,Bhupathi M.,0,3,1449.0405831742328
1081,Syed F.,0,1,1484.6412234624477
1082,Dupre T.,0,1,1482.5641271217237
1083,Mankad H.,0,3,1451.4554179941722
1084,Uppal V.,43,1,1483.547440477879
1085,Skoch D.,22,3,1461.0409346724725
1086,Salva B.,104,5,1444.3395355761318
1087,Vardhan V.,140,2,1468.8112672708146
1088,Yang T.H.,164,4,1463.3825710828767
1089,Nedunchezhiyan J.,141,1,1482.5641271217237
1090,Prashanth V.,56,1,1482.6857105364336
1091,Myneni S.,410,2,1473.2178962159262
1092,Ali Mutawa J.M.,0,4,1439.0539524071141
1093,Zayid M.S.,5,3,1455.9698945953996
1094,Nam J.S.,46,3,1461.4339909655725
1095,Aragone J.C.,165,1,1484.0
1096,Dhamne M.,0,1,1484.6805378613656
1097,Mukund S.,140,3,1451.5338764642254
1098,Sachko V.,378,5,1443.961292252054
1099,Wong C.,238,1,1483.2359165244086
1100,Al-Alawi S.K.,0,2,1468.736306793522
1101,Luxa P.,0,7,1412.5360366078644
1102,Sanchez J.,0,1,1485.0417008585
1103,Al-Khulaifi N.G.,0,1,1483.263693206478
1104,Khalfan S.,5,3,1449.4919485572202
1105,Abdulla M.,0,1,1485.212045819179
1106,Sultan-Khalfan A.,0,1,1484.7404306767992
1107,Al-Haji A.,0,3,1454.7817831536868
1108,Dorsch B.,222,3,1463.0332533860808
1109,Maamoun K.,145,1,1484.091920627357
1110,Sabry S.,39,1,1484.0
1111,Zayed M. S.,1,1,1492.2581563580768
1112,Zayed M.S.,0,1,1493.3594187170195
1113,Hossam K.,127,1,1488.6297401662266
1114,Yuksel A.,73,1,1482.7755964254486
1115,Kadhe A.,26,4,1436.893687990115
1116,Fancutt T.,53,1,1483.182243203277
1117,Schoolkate T.,18,1,1485.4029998471901
1118,Walton A.,354,2,1469.3379596589143
1119,Mccabe J.,214,2,1468.1011206397957
1120,Costa F.,0,4,1446.9797776877308
1121,Willman D.,0,1,1486.4997233170263
1122,Rea S.,0,2,1472.2501507489185
1123,Jones G.D.,4,2,1471.2486853785265
1124,King-Turner D.,107,6,1409.088578917968
1125,Jun W.,96,1,1490.995140613149
1126,Statham R.,40,1,1480.9336839319342
1127,Lemke J.,73,1,1480.7063881464862
1128,Tearney F.,90,2,1466.9795278618594
1129,Sitak A.,100,2,1465.3964892340534
1130,Caruana L.,100,1,1485.251281764673
1131,O'Connell C.,228,3,1468.0236238597977
1132,Mott B.,173,2,1471.8090240110657
1133,Ferreira Silva F.,356,2,1474.778608949867
1134,Durasovic V.,127,2,1491.1370042037727
1135,Pannu K.,35,3,1458.8776253704027
1136,Durek R.,0,1,1491.8276911770927
1137,Bourgeois L.,92,2,1470.9796211516968
1138,Struff J-L.,523,1,1488.803338432576
1139,Bellucci M.,374,1,1483.4718510736102
1140,Krutykh O.,327,3,1455.359991448011
1141,Lokoli L.,120,8,1403.5867930962966
1142,Karbacher B.,0,2,1469.8187822756663
1143,Kulti N.,0,5,1434.672798409923
1144,Breen M.,0,1,1483.5461543254755
1145,Perry T.,0,1,1487.3748768302125
1146,Svarc L.,0,2,1476.7475229355741
1147,Henry R.,0,1,1482.8045957300556
1148,March O.,0,1,1485.392015476536
1149,Adaktusson J.,133,1,1479.1227981290872
1150,Snobel P.,231,4,1457.0084555446826
1151,Mackin A.,137,11,1391.760750586649
1152,Ebelthite C.,300,1,1484.0791656870379
1153,Hocevar R.,446,5,1434.1289548555385
1154,Crugnola M.,400,3,1473.2189777010076
1155,Nielsen F.,156,10,1360.3576635260056
1156,Viola Mat.,362,2,1466.4931871517992
1157,Authom M.,265,2,1462.2323193241618
1158,Safranek V.,249,2,1477.575120463149
1159,Li Z.,214,10,1402.2855818930707
1160,Menezes J.,353,1,1482.6969959765577
1161,Escoffier A.,354,1,1483.3016320993797
1162,Blanchet U.,287,1,1483.0048833909436
1163,Moyano D.,0,2,1463.026947823613
1164,Nunez E.,0,1,1480.2812528629333
1165,Wang Y.,450,4,1447.4572764005375
1166,Podlipnik H.,54,2,1474.92277791442
1167,Anderson A.,2,1,1491.8647394596042
1168,Hutchins R.,0,1,1484.6991072656178
1169,Scholtz N.,27,1,1482.4634146331632
1170,Artunedo Martinavarro A.,126,1,1486.13827194886
1171,Rybakov A.,123,1,1481.0309754344644
1172,Krall L.,0,1,1480.9671464423589
1173,Gomez F.,135,1,1482.742623789578
1174,Comesana F.,534,2,1469.2972576428006
1175,Raoux G.,0,2,1469.2422112928746
1176,Reichel A.,0,1,1486.7222776510616
1177,Parada F.,77,2,1467.8476128567418
1178,Hormazabal G.,30,3,1452.183424279658
1179,Mazarakis V.,344,5,1458.6627507834496
1180,Aranguren J.M.,109,2,1473.5205568534464
1181,Saavedra Corvalan C.,90,1,1483.2123050185724
1182,Rios F.,2,1,1481.263833306008
1183,Lama G.,110,4,1440.4881292590321
1184,Escobar G.,126,2,1463.0069402423117
1185,Velotti A.,206,4,1439.4004795301375
1186,Kwiatkowski T.S.,32,7,1410.3060738605554
1187,Moroni G.M.,325,2,1465.0467877634142
1188,Chidekh C.,101,1,1480.849184724226
1189,Blancaneaux G.,389,6,1418.6167449308375
1190,Neff A.,23,1,1481.2637105284161
1191,Humphries S.,0,4,1452.4033715782207
1192,Koll H.,0,1,1484.4421375495574
1193,Harboe P.,0,1,1481.195942248548
1194,Bowles C.,2,1,1480.8730754118383
1195,van D. Merwe I.,491,1,1482.3087070993452
1196,Mesaros K.,153,1,1482.2728788874476
1197,Marcan D.,107,2,1466.1774901680278
1198,Veger F.,16,1,1482.7497538215016
1199,Androic T.,119,2,1475.2494451601028
1200,Lazov A.,95,1,1481.2226433453163
1201,Tepavac M.,270,1,1489.904302413372
1202,Donski A.,2,1,1484.1948612869135
1203,Shi B.,0,1,1486.4486604095032
1204,Jensen L.,0,1,1483.0618903163072
1205,Knowles M.,0,2,1465.4193148578001
1206,Peralta J.,0,1,1482.917913939378
1207,Silva D.,274,1,1481.2262709943025
1208,Romboli F.,198,1,1481.2138143956786
1209,Arevalo M.,395,2,1468.9762748390472
1210,Chakravarthi C.,0,1,1486.0731935648444
1211,Arquez P.,0,1,1483.826229750037
1212,Olguin L.,0,1,1482.856919615417
1213,Lajola D.,22,1,1484.0
1214,Strode B.,95,1,1484.736306793522
1215,Lin J.M.,0,1,1483.1833294403007
1216,Zayid M.,0,1,1487.5605535634602
1217,Poerschke L.,123,2,1480.1571226364342
1218,Im K.T.,228,1,1482.5529188360306
1219,Britton D.,4,3,1479.4410661826375
1220,Deheart R.,168,2,1479.2129401748152
1221,Borvanov R.,119,1,1488.78316808519
1222,Tsitsipas P.,13,1,1484.3661779935596
1223,Braga P.,0,1,1482.0893921950253
1224,Galdon P.,153,1,1489.4560480409289
1225,Molteni A.,169,2,1469.1798139696243
1226,Quigley E.,82,1,1483.0117080104985
1227,Meligeni Rodrigues F,278,2,1478.695052772483
1228,Gallardo Valles M.,88,2,1479.7260827601272
1229,Dailey Z.,0,1,1485.7250232900853
1230,Rodriguez B.,67,1,1479.6803560857027
1231,Echagaray B.,233,4,1463.713110943438
1232,Ramirez C.,72,3,1467.9152100444567
1233,Kumantsov A.,123,2,1466.9141000465338
1234,Lopez Villasenor G.,41,4,1449.3681272976685
1235,Alves M.,60,1,1488.717711747989
1236,Pacheco Mendez R.,2,4,1450.503585436963
1237,Stark J.,0,2,1464.7180919658138
1238,Szymanski J.,0,1,1480.5465286753354
1239,Al-Awadhi O.,16,8,1411.7610822204103
1240,Norby R.,0,1,1480.367893131673
1241,Gallardo M.,0,2,1478.8907662488762
1242,van der Dium A.,8,1,1485.1269077298575
1243,Chappell N.,65,2,1468.494224812388
1244,Heide G.,249,1,1481.7901360248227
1245,Eagle J.,0,1,1485.0632536214619
1246,Garza D.,74,4,1443.7710098866205
1247,Sanchez M.,42,2,1461.4792853354468
1248,Cabal J.S.,177,2,1469.858349917908
1249,Reyes-Varela M.A.,69,2,1473.079819438202
1250,Hank T.,57,3,1454.7906530059472
1251,Patino L.,25,1,1482.6373347136307
1252,Gomez L.,66,6,1429.3258133049096
1253,Gonzalez P.,0,1,1481.4721780065065
1254,Cortes J.,0,1,1489.941942527613
1255,Phillips T.,0,1,1484.1521265286754
1256,Minar J.,118,3,1472.4821093069386
1257,Nader M.,0,1,1484.0
1258,Gooding J.,0,1,1485.724314234173
1259,Tecau H.,0,1,1479.6452246903198
1260,Awadhy O.,4,2,1477.5911743118095
1261,Djokovic M.,1,4,1444.900397386116
1262,Mcgee J.,193,3,1447.1268222997644
1263,Martin F.,125,2,1469.4273542836854
1264,Luz O.,63,1,1481.7671663122808
1265,Sakamoto P.,39,1,1484.2002078321946
1266,Blanch U.,207,1,1487.3382971937742
1267,Catarina L.,90,4,1453.0123743346003
1268,Rocha H.,53,1,1482.0426934762952
1269,Harper-Griffith L.,0,2,1472.5315969244384
1270,Ouahabi T.,0,1,1485.1548506677868
1271,Ziadi M.,21,5,1432.9798092846527
1272,Chaki R.,64,2,1474.153333734363
1273,Granollers-Pujol G.,164,4,1451.297687792177
1274,Idmbarek Y.,28,2,1469.8676536976227
1275,Rachidi Y.,11,1,1479.7910744213887
1276,Khaddari H.,66,1,1486.4052536674633
1277,Belal C.,0,1,1489.8268152472504
1278,Malcor O.,0,2,1471.7997926564626
1279,Matias N.,0,1,1485.266045359794
1280,Lopes H.,0,1,1487.2360384983535
1281,Burniol G.,49,2,1464.5912868590087
1282,Matos-Gil I.,0,2,1470.146031875411
1283,Fornell M.,132,1,1482.7279906966492
1284,Niland C.,260,3,1479.8975365483604
1285,Janvier M.,267,5,1447.945867813643
1286,Lalami Laaroussi Y.,13,1,1485.32406070383
1287,Moundir A.,33,1,1478.9050730773129
1288,Marques N.,0,1,1492.4604672433259
1289,Couto E.,0,1,1482.5688540124302
1290,Sousa T.,0,1,1482.9964530214656
1291,Vacherot V.,134,1,1482.8436995997022
1292,Dustov F.,70,7,1428.1282891424605
1293,Riba-Madrid P.,654,2,1464.1640854645154
1294,Rincon D.,190,2,1470.7636443795502
1295,Marin L.,0,1,1494.683505621974
1296,Peric T.,3,1,1487.5701840086433
1297,Sanchez De Luna J.,117,2,1481.5474032022412
1298,Marrai M.,74,1,1488.6278655019635
1299,Moraru G.,89,2,1466.5970343300535
1300,Chvojka E.,163,2,1471.5283309174094
1301,Ciorcila P.,52,1,1485.1285658823806
1302,Linzer M.,130,2,1468.3029972244592
1303,Setkic A.,321,3,1455.007075996392
1304,Garcia M.,0,2,1464.4577857044694
1305,Albert M.,0,1,1488.1329948196849
1306,Condor F.,0,1,1481.1958724711942
1307,Luque D.,33,1,1487.765777211506
1308,Azzaro L.,123,3,1470.193229982862
1309,Zlatanovic A.,4,1,1481.0048082325554
1310,Gomez-Herrera C.,30,1,1486.2052746523539
1311,Silva F.,207,2,1477.025304279476
1312,Vega Hernandez D.,90,1,1481.5346440580447
1313,Baldi F.,370,3,1455.2515151698408
1314,Rehberg M.,17,3,1455.2716881877254
1315,Topo M.,45,4,1452.2602342471416
1316,Fahlke A.,0,1,1490.2760879086466
1317,Desein N.,206,3,1464.4220407433759
1318,Bellotti R.,261,1,1478.9169313926488
1319,Landaluce M.,35,3,1468.085302941545
1320,Mathieu P.,803,5,1472.4459255947872
1321,Kloer S.,100,1,1491.406880060403
1322,Popko D.,363,2,1472.3431202712118
1323,Gimeno Valero C.,114,1,1488.7987247495948
1324,Basso A.,28,1,1491.9649982852327
1325,Brancaccio R.,142,1,1487.3478900441078
1326,Navarra M.,0,1,1493.1466168505215
1327,Ager J.,0,2,1468.316895451518
1328,Weinzierl J.,0,1,1483.5576072123038
1329,Mirnegg M.,0,1,1489.6600340701993
1330,Popp T.,178,2,1472.706589260441
1331,Dolgopolov A.,86,3,1459.2155867333906
1332,Lopez San Martin A.,170,1,1492.4124659497872
1333,Delfino M.,0,1,1480.8438486146197
1334,Eysseric J.,169,4,1450.1138150439642
1335,Vaisse M.,146,1,1479.4084577678611
1336,Ortega-Olmedo R.,157,1,1486.988387857234
1337,Dreekmann H.,0,2,1487.7344210534297
1338,Koderisch C.,0,1,1489.7474914970014
1339,Lipsky S.,8,1,1476.9512507155634
1340,Hamou M.,181,3,1460.6177811059908
1341,Samper-Montana J.,249,2,1474.5374300197168
1342,Hernandez-Fernandez J,203,1,1493.744204768542
1343,de Loore J.,328,2,1486.005199683592
1344,Rodriguez Taverna S.,287,1,1490.6227431336401
1345,Kauffmann C.,0,2,1470.718774914456
1346,Cox D.,226,5,1430.6997585128336
1347,Golding O.,68,3,1462.0396950808422
1348,Ghedin R.,163,3,1461.229280437232
1349,Gigounon G.,229,1,1491.0315085563986
1350,Witt A.,0,1,1481.7038503139559
1351,Coetzee J.,0,1,1483.8366241882093
1352,Fitz S.,0,1,1488.682372644388
1353,Uebel L.,0,1,1494.3866794958296
1354,Klein T.,0,1,1489.3552083050063
1355,Logtens P.,0,2,1479.7460441613207
1356,Koning M.,16,1,1492.4373247767624
1357,Olejniczak D.,79,3,1461.3297384934017
1358,Fleming C.,641,2,1472.3485901279012
1359,Emmrich M.,7,1,1490.4051588882116
1360,Slabinsky A.,108,2,1473.493362192858
1361,Kirillov E.,14,2,1485.4613830272938
1362,Corrie E.,130,1,1482.6212023572602
1363,Landsberg J.,0,1,1486.282233669227
1364,Ivanov-Smolensky K.,0,2,1462.4149058906876
1365,Moser F.,71,2,1476.9051294263752
1366,Middelkoop M.,188,1,1482.0582164110565
1367,Berta D.,0,2,1459.339161607298
1368,Walter L.,165,1,1483.285648391048
1369,Squire H.,169,1,1487.409485839066
1370,Boruszewski J.,0,1,1484.2535029621042
1371,Golovanov D.,0,5,1452.8727905640797
1372,Hellstrom M.,0,1,1481.5877933256081
1373,Alcaide G.,197,1,1490.1117725711163
1374,Jubb P.,256,4,1459.3512601483515
1375,Loffhagen G.,130,2,1477.8071054010945
1376,Gaudi I.,0,1,1486.160067156427
1377,MacLagan M.,0,2,1462.1170616205213
1378,Andersson H.,0,1,1481.2837800766476
1379,Prpic A.,191,2,1462.387844315686
1380,Sarstrand M.,0,2,1474.0182863706161
1381,Goransson T.,18,2,1464.704575723338
1382,Tveit E.,10,1,1490.5259145780915
1383,Reid M.,220,1,1493.4144069923966
1384,Smethurst D.,205,1,1489.9204647411477
1385,Aragone JC,162,1,1482.6904743383923
1386,Timfjord N.,0,1,1484.8408705342986
1387,Fleischfresser T.,0,1,1493.7221171162764
1388,Milligan L.,0,2,1481.2789145362167
1389,Derepasko A.,0,1,1494.0164789943929
1390,Todero N.,0,1,1481.235294479251
1391,Roshardt R.,37,2,1462.4292948878065
1392,Vicente M.,211,1,1477.6522484592335
1393,Kutac R.,30,1,1481.81603256842
1394,Eriksson M.,94,4,1433.219749634429
1395,Ward A.,17,4,1451.865404671091
1396,Fery A.,118,1,1494.655245188738
1397,Arnold L.,0,1,1479.95533020885
1398,Vlasov D.,0,1,1484.832702619822
1399,Ellwood B.,0,1,1481.7805509340094
1400,Shimada T.,0,2,1465.7618739558818
1401,van der Meer N.,0,1,1481.333312054857
1402,Levine I.,71,2,1474.0411917142376
1403,Kern R.,98,3,1461.873150032776
1404,Bossel A.,168,2,1469.2030162237982
1405,Thompson C.,1,1,1489.827301267098
1406,Madaras D.,157,2,1470.8874142328639
1407,Thomas J.,0,2,1466.299302481766
1408,Levinsky J.,0,1,1481.695912864704
1409,Cook L.,0,1,1481.6617621977293
1410,Zitko R.,52,2,1470.4511027258247
1411,Korteling S.,57,1,1489.516853244751
1412,Simmonds P.,166,3,1475.3774283566506
1413,Arvidsson I.,72,1,1484.8442622578227
1414,Simonsson F.,37,1,1484.0
1415,Ehrat S.,42,3,1444.1148699894313
1416,Virtanen O.,456,3,1451.0776591498548
1417,Tiilikainen K.,0,2,1471.463366906964
1418,Filippini M.,0,2,1476.1910285434326
1419,Trusendi W.,101,1,1480.8520731736444
1420,Salamanca C.,139,1,1485.6319670398843
1421,Barrientos N.,121,4,1427.2380076955037
1422,Struvay E.,135,2,1470.278499665824
1423,Moeller M.,0,1,1485.624836790272
1424,Mejia N.,176,1,1481.3622132586618
1425,Blumberg W.,21,1,1484.6615198694858
1426,Spizzirri E.,0,1,1484.9540240560696
1427,Chung Y.,96,2,1476.197505848176
1428,Miketa D.,0,1,1489.6009248291643
1429,Behrmann M.,0,1,1483.465861957152
1430,Ayala D.,0,1,1480.5414065925834
1431,Thron A.,11,2,1466.785611214798
1432,Brizzi A.,136,1,1483.3363407575487
1433,Aragone J.,60,2,1483.1606348966025
1434,Torebko P.,142,2,1468.9852239050942
1435,Collarini A.,339,1,1484.0
1436,Peschek D.,0,1,1483.3295650216996
1437,Vajda I.,0,2,1476.4716570632647
1438,Herm-Zahlava J.,0,2,1468.2641719488056
1439,Neumuller I.,0,1,1485.3228670317526
1440,Gimeno D.,0,1,1493.379350230511
1441,Patriarca D.,128,1,1481.8645250405682
1442,Sandbichler A.,40,1,1483.0489100553448
1443,O'Neal J.,21,1,1485.811444795851
1444,Grigelis L.,200,1,1485.4642089034523
1445,Pasha N.,6,1,1483.917758662138
1446,Trevisan M.,61,1,1477.3396293400099
1447,Gromley C.,0,1,1490.0131753830808
1448,Bryde T.,7,1,1489.0200615041783
1449,Moretti H.,0,1,1492.0085317929615
1450,Trimmel C.,0,2,1477.721675517932
1451,Vasek R.,0,1,1484.871384964894
1452,Fasching A.,0,1,1490.7576043406336
1453,Cabello F.,0,1,1485.8306343768224
1454,Tkalec M.,0,1,1484.1384809014583
1455,Bozic I.,0,1,1482.290448021045
1456,De Paula F.,86,1,1480.076825793896
1457,Reinberg E.,9,1,1489.75689439242
1458,Neumayer L.,13,1,1482.9714351574085
1459,Nijaki R.,0,1,1486.9850913723926
1460,Dabrowski B.,0,2,1482.6237058850081
1461,Yim R.,0,2,1476.309631322184
1462,Ionita V.,142,3,1450.459570835882
1463,Belic L.,20,3,1464.8385092848487
1464,Ruevski P.,190,1,1487.9373250055828
1465,Piccari F.,159,1,1479.15096485703
1466,Muster T.,6,3,1462.342366499001
1467,Westerhof B.,195,1,1484.457773900314
1468,Topic J.,41,1,1484.1020755702327
1469,Lopez-Perez E.,278,1,1487.7112706571359
1470,Lenz J.,162,2,1488.9281452882547
1471,Dutra Da Silva D.,241,1,1484.2759953115271
1472,Casanova H.,147,1,1482.9360358261376
1473,Cobolli S.,0,1,1486.5304339728389
1474,Fyrstenberg M.,13,3,1463.2953762298314
1475,Matkowski M.,0,2,1469.0371239681845
1476,Urban F.,0,2,1467.6570095591285
1477,Panfil G.,12,1,1485.387209114468
1478,Agostinelli B.,7,1,1476.6247425685908
1479,Meister N.,37,1,1489.5102521631256
1480,Hernandez-Fernandez J.,205,1,1485.8227121208367
1481,Miedler L.,67,3,1466.6952858920195
1482,Poljicak M.,54,1,1483.9255714797332
1483,Mansouri S.,183,1,1493.271983103651
1484,Tramacchi P.,0,1,1483.0706279110318
1485,Pfeiffer K.,0,1,1492.9821241358034
1486,Carlson A.,0,1,1482.5457595470216
1487,Clayton A.,3,1,1479.0502768738015
1488,Dev Varman S.,7,3,1456.6314563160902
1489,Estrella V.,149,1,1490.253813282656
1490,Villanueva G.,174,1,1489.2568649426637
1491,Agaev E.,0,1,1482.106284931641
1492,Yoo D.,0,1,1487.3005271989962
1493,Bester P.,212,5,1436.5572047488236
1494,Steckley R.,34,1,1483.9922576425117
1495,Smith A.,0,1,1491.4160959061421
1496,Garanganga T.,81,1,1481.585025942917
1497,Galarneau A.,215,2,1483.0023233211866
1498,Mor L.,0,1,1488.2129345033375
1499,Spracklin T.,0,1,1478.514186337577
1500,Ignatik U.,69,1,1486.5289494612093
1501,Buchanan C.,302,2,1484.2202779925142
1502,Lojda D.,285,1,1484.8395242026606
1503,Halebian A.,39,1,1485.2710834191234
1504,Bangoura S.,153,1,1477.47438682157
1505,Bega A.,128,1,1483.2291079061445
1506,Riffice S.,63,1,1490.7760260647892
1507,Caldwell D.,0,1,1479.6291282027212
1508,Harsanyi P.,0,2,1470.3642841454412
1509,Hanley P.,0,1,1485.288148379483
1510,Benneteau A.,0,1,1490.9911502723571
1511,Luncanu P.A.,134,2,1478.5498356982005
1512,Bogaerts R.,6,1,1483.6019775513118
1513,Kirchheimer S.,110,1,1487.3044575815943
1514,Lukaev R.,0,1,1493.2005555900316
1515,Kunitcin I.,0,1,1482.749399490325
1516,McClune M.,31,1,1493.0109537496066
1517,Valent R.,7,1,1486.977010162322
1518,Altamirano C.,128,2,1478.5477727514253
1519,Monteiro J.,57,1,1489.117456446237
1520,Sarmiento R.,26,1,1487.9677186268814
1521,Pervolarakis M.,109,1,1486.7302022104839
1522,Tien L.,8,2,1479.5694526102925
1523,Quintero M.,0,1,1481.7319694030755
1524,Yu X.Y.,47,2,1462.8809661161918
1525,Wang Y.Jr.,55,1,1485.3115760168641
1526,Wachiramanowong K.,60,3,1477.6876443145331
1527,Shane R.,3,1,1486.1002068390605
1528,Chrysochos P.,3,1,1484.3402205519021
1529,Holmgren A.,16,1,1495.210912778184
1530,Mu T.,63,1,1483.0833454261367
1531,Cui J.,60,1,1484.6485697223789
1532,Lock B.,145,1,1488.3516001016756
1533,Bohane A.,0,1,1494.7924484306773
1534,Pedroso A.,0,1,1493.24765846034
1535,Gard C.,151,1,1486.0422191509865
1536,Si Y.M.,0,1,1482.4914392501728
1537,Vasilevski A.,19,1,1481.4134020184324
1538,Nedelko I.,100,2,1467.2356365080946
1539,Betov S.,61,1,1485.4406017533063
1540,Fidirko N.,11,1,1483.541766859521
1541,Inglot D.,12,2,1475.1526809034297
1542,Biryukov M.,5,2,1471.3322863810354
1543,Takeuchi K.,92,1,1481.5518948448994
1544,Burquier G.,248,1,1488.3238620648287
1545,Roumane R.,78,1,1483.9714760114464
1546,Furness E.,245,1,1487.003851706505
1547,Li Zh.,55,1,1483.1319910860375
1548,Zhou Y.,18,2,1475.936665137402
1549,Mo Y.,46,1,1496.3527581270591
1550,Peppas S.,0,1,1485.6845933581296
1551,Ratiwatana S.,0,1,1483.6745224340548
1552,Fruttero J.P.,185,1,1489.8386375520317
1553,Chen T.,114,3,1470.5277227270262
1554,Martin D.,21,1,1490.205704987422
1555,Siriluethaiwattana P.,5,2,1471.8289753798194
1556,Nam H.W.,59,2,1463.322295728256
1557,Xu J.C.,39,1,1483.7852673989173
1558,Gong M.X.,27,4,1472.8471925035922
1559,Trongcharoenchaikul W.,5,1,1486.3908078550685
1560,Jeong S.Y.,126,1,1485.0534332498237
1561,Gao X.,14,1,1483.1138521400949
1562,Ouyang B.,9,1,1481.6091419359589
1563,Shyla Y.,117,1,1482.4659814243657
1564,Mena F.,362,1,1483.9121555744357
1565,Oncins J.,0,1,1481.4737213841122
1566,Do M.Q.,2,1,1485.1084739518021
1567,Smit J.,24,1,1482.1920684322124
1568,Wagh A.,0,1,1491.6094527289572
1569,Singh N.,15,1,1484.384700044291
1570,Raja P.,11,1,1483.3135619883953
1571,Deen Heshaam A.,1,1,1483.305381118442
1572,Singh S.,112,1,1492.3886972727112
1573,Tyurnev E.,56,1,1491.0748399785466
1574,Hong S.,77,1,1483.555576791063
1575,Tong M.,0,1,1490.8183346328376
1576,Tomashevich D.,0,1,1487.4928331953809
1577,Craca M.,0,1,1485.423447972192
1578,Sanchez de Luna J.A.,50,1,1491.5564287656416
1579,Ito Y.,35,1,1480.6654639825388
1580,Herbert P-H.,424,1,1482.1379410863353
1581,Niki T.,132,1,1483.6618511133138
1582,Zhang Ze.,278,2,1482.3527554780212
1583,Bu Y.,331,2,1478.194930023728
1584,Te R.,82,1,1482.4432224796774
1585,Yevseyev D.,229,1,1483.9479423977436
1586,Onoda M.,0,4,1429.5362452604338
1587,Miyao J.,0,2,1471.4056769833826
1588,Jiang S.,0,1,1483.440397245846
1589,Koenig R.,0,1,1481.3476283979876
1590,Belyaev I.,127,1,1488.6201964011298
1591,Tiurnev E.,167,1,1489.5295984524585
1592,Oliel Y.,116,2,1472.8965314216935
1593,Blockx A.,49,1,1484.0702951616076
1594,Mlynarik Z.,0,1,1484.4060479346272
1595,Hui J.,0,1,1494.8774162791483
1596,Bohaboy D.,0,1,1481.8338055394033
1597,Ittogi T.,1,1,1489.9616920944725
1598,Chaen T.,33,1,1480.7128774550454
1599,Baluda V.,80,1,1487.6901525496305
1600,Friberg K.,103,1,1486.7026370200053
1601,Hassan B.,387,2,1475.2621811947113
1602,Zhang Y.,0,1,1482.0969788078814
1603,Garcia-Sintes J.,0,1,1483.683220188692
1604,Schuttler P.,99,1,1489.4932629585992
1605,Nedovyesov O.,467,1,1482.2705214884304
1606,Takahashi Y.,194,1,1485.245500977226
1607,Shimizu Y.,85,1,1481.6536784878351
1608,Fish A.,716,1,1492.5075794948766
1609,Vovk S.,4,1,1486.6558179830838
1610,Sekulic M.,707,1,1487.9161037368124
1611,Maestrelli F.,298,1,1486.8546949944255
1612,Gruber K.,0,1,1491.325022202435
1613,Dubrivnyy A.,80,1,1487.4781127209653
1614,Rascon T.,0,1,1491.6858110649955
1615,Karlovskiy E.,254,1,1489.989799449975
1616,Bailly G.,5,1,1495.6874941851852
1617,Geerts M.,189,1,1490.697205490842
1618,Martineau M.,184,1,1491.8538909488457
1619,Shvec A.,0,1,1485.7448635014607
1620,Scherrer J.,0,1,1495.9177305160447
1621,Davletshin V.,31,2,1478.5705048681832
1622,Chekov P.,1455,1,1478.7415257842763
1623,Kornienko I.,0,1,1491.3173767020842
1624,Andersen J.,0,1,1492.6176575999905
1625,Freelove O.,0,1,1486.2921672534621
