,Player,match_count,elo
0,Dosedel S.,58,1476.0250065325745
1,Enqvist T.,252,1698.1321948698953
2,Escude N.,187,1623.182518055508
3,Federer R.,1442,1986.2767182198022
4,Fromberg R.,49,1463.5508575031793
5,Gambill J.M.,278,1577.668932181272
6,Grosjean S.,456,1812.6100540595482
7,Henman T.,425,1827.8107037664652
8,Hewitt L.,727,1900.5257236322373
9,Lisnard J.,28,1456.323228458875
10,Martin A.,457,1465.3313017992295
11,Norman M.,184,1666.4554847619165
12,Petrovic D.,13,1445.9909655461151
13,Sekulov J.,12,1435.3720647877522
14,Stoltenberg J.,49,1548.8950528345874
15,Vinck C.,36,1406.1365936754942
16,Clement A.,508,1632.8839855005288
17,Goldstein P.,165,1476.3547564209052
18,Haas T.,691,1789.8654849846055
19,Johansson T.,376,1793.2865888391584
20,Ljubicic I.,650,1756.2237021203912
21,Malisse X.,516,1622.4817000700866
22,Massu N.,432,1570.1005433088296
23,Pavel A.,364,1662.6979802952367
24,Phau B.,211,1514.4244946363697
25,Rochus C.,320,1461.6378785218828
26,Tarango J.,44,1364.5259174772027
27,Arazi H.,220,1709.619165655655
28,Carlsen K.,191,1617.7420601433375
29,Chela J.I.,571,1524.7019827232489
30,Draper S.,54,1527.7928692977111
31,Golmard J.,142,1597.4989196173287
32,Llodra M.,397,1637.4808180826083
33,Martin T.,140,1672.8726969513077
34,Mathieu P.H.,561,1614.7097205514735
35,Philippoussis M.,222,1644.8442178803361
36,Rusedski G.,276,1630.5174208577116
37,Schalken S.,301,1711.7057080620505
38,Davydenko N.,794,1811.1540700194437
39,Kim A.,32,1397.2503091636252
40,Spadea V.,369,1565.1366788097957
41,Vahaly B.,64,1424.3241513272185
42,Voinea A.,116,1467.109165831237
43,Zabaleta M.,298,1474.023433803104
44,Dupuis A.,193,1459.2931135138258
45,Mirnyi M.,403,1675.639623546219
46,Parmar A.,37,1420.9290002716418
47,Verkerk M.,118,1578.255289344366
48,Vliegen K.,197,1541.4376775943836
49,Gasquet R.,977,1757.7235659431155
50,Krajicek R.,75,1707.2265525076061
51,Squillari F.,196,1514.4797114741423
52,Dent T.,282,1653.167089370439
53,Beck K.,170,1510.1605087504854
54,Nieminen J.,697,1619.6293457724316
55,Arthurs W.,241,1484.454396912847
56,Sanguinetti D.,281,1549.8855418051157
57,Lapentti N.,369,1608.6951908009546
58,Hrbaty D.,454,1746.6339832116007
59,Saulnier C.,182,1620.216494197829
60,Sluiter R.,197,1555.11473309799
61,Reid T.,35,1480.098102179243
62,Melzer J.,630,1647.1233818503933
63,Rochus O.,475,1624.1132806267262
64,Mayer F.,477,1558.2135805786638
65,Kiefer N.,400,1667.9883717275195
66,Benneteau J.,560,1764.467251534899
67,Stepanek R.,640,1757.715612832629
68,Johansson J.,121,1657.7750067668785
69,Calleri A.,375,1529.7366755229473
70,Lisnard J.R.,89,1482.1508029616843
71,Delic A.,76,1407.8781627826531
72,Berdych T.,915,1813.4880059315524
73,Kohlschreiber P.,819,1638.4500805579264
74,Robredo T.,867,1684.4025293382228
75,Ancic M.,314,1723.3635927439807
76,Seppi A.,762,1538.9051335338079
77,Karlovic I.,695,1692.8106680179162
78,Blake J.,573,1732.2405260006335
79,Serra F.,293,1524.4034090454961
80,Murray A.,951,1941.993439716885
81,Luczak P.,116,1371.768693985184
82,Jones A.,11,1426.363025411998
83,Guccione C.,89,1411.2958987533086
84,Djokovic N.,1243,2023.4935206199414
85,del Potro J.M.,587,1883.029152790428
86,Kunitsyn I.,231,1583.168958852169
87,Simon G.,872,1719.8635384246022
88,Querrey S.,678,1631.6275756838083
89,Sirianni J.,20,1441.635479158937
90,Russell M.,224,1413.3235273886771
91,Becker B.,370,1572.6183395685127
92,Zverev M.,333,1605.3858692542467
93,Korolev E.,162,1512.8004137755588
94,Tsonga J.W.,673,1783.7623968646562
95,Acasuso J.,359,1540.5440190296213
96,Dancevic F.,141,1498.5637898928892
97,Gulbis E.,453,1679.868913016216
98,Soderling R.,451,1821.3215414485578
99,Verdasco F.,988,1704.2357642984487
100,Nishikori K.,617,1827.3786886681467
101,Odesnik W.,99,1496.8016526195158
102,Gicquel M.,205,1660.9143215618717
103,Falla A.,254,1471.1967655309702
104,Levy H.,119,1420.7933229582343
105,Bellucci T.,380,1582.9096247340397
106,Roddick A.,773,1809.0849467552493
107,Dolgopolov O.,412,1571.0380141369433
108,Baghdatis M.,596,1705.1670675440644
109,Ball C.,20,1516.943244077166
110,Ebden M.,203,1535.0041836019832
111,Monfils G.,838,1735.1467910061158
112,Lopez F.,972,1639.2698719917914
113,Istomin D.,440,1503.5945833259245
114,Berrer M.,231,1506.749528563603
115,Kubot L.,200,1471.207706723501
116,Giraldo S.,326,1510.3009539177094
117,Anderson K.,598,1784.8434457750539
118,Berankis R.,249,1596.0875911515343
119,Fish M.,500,1704.8964925013263
120,Duckworth J.,149,1554.5781888040235
121,Tomic B.,349,1548.5681891416734
122,Muller G.,399,1625.3213255882501
123,Ito T.,84,1461.581095574365
124,Petzschner P.,189,1585.9454800449214
125,Andreev I.,432,1612.3844790694202
126,Millman J.,256,1618.207656646017
127,Dimitrov G.,682,1875.425925112635
128,Goffin D.,525,1796.4711734421592
129,Matosevic M.,155,1570.3233080346179
130,Cilic M.,858,1716.634881254778
131,Mahut N.,403,1530.4469730348928
132,Chardy J.,593,1616.0078929363024
133,Copil M.,128,1615.1294895848018
134,Groth S.,93,1537.1909362930523
135,Kokkinakis T.,134,1497.4488807520179
136,Kukushkin M.,355,1663.7523909840481
137,Johnson S.,396,1595.4137152514454
138,Klizan M.,273,1519.0482357590176
139,Raonic M.,545,1741.1896819198844
140,Kudla D.,198,1435.7526649179686
141,Kamke T.,163,1535.250950165676
142,Chung H.,138,1664.3329429191444
143,Troicki V.,527,1672.3475652777577
144,Thiem D.,536,1773.4792780797204
145,Dodig I.,245,1630.0782013776493
146,Pouille L.,259,1722.4484832231012
147,Thompson J.,239,1510.1845962837986
148,Ferrer D.,1068,1769.612304635468
149,Edmund K.,233,1755.3656566270388
150,Donaldson J.,110,1580.769827864064
151,Schwartzman D.,439,1695.3768110875765
152,Nadal R.,1254,1830.7781625821553
153,Wawrinka S.,878,1762.7133068224302
154,de Minaur A.,300,1751.9890540668769
155,Harrison R.,272,1538.8602163435344
156,Zeballos H.,218,1494.0465727620447
157,Mmoh M.,61,1499.870436354662
158,Kyrgios N.,303,1670.3212127656461
159,Kecmanovic M.,233,1560.8673019885955
160,Uchiyama Y.,33,1413.2900404952875
161,Medvedev D.,445,1810.8983229339806
162,Bublik A.,237,1607.1247406765158
163,Moutet C.,124,1512.5417103096108
164,Bedene A.,291,1615.6628931462208
165,Krajinovic F.,240,1696.7213051390675
166,Djere L.,259,1489.7130672001092
167,Fucsovics M.,264,1590.497880735376
168,Ilkel C.,20,1378.2848933939429
169,Herbert P.H.,206,1500.6881017485048
170,Rublev A.,427,1724.8626338341437
171,Basilashvili N.,301,1605.8648269760695
172,Celikbilek A.,9,1499.72191527627
173,Ruusuvuori E.,171,1612.5412280991306
174,Travaglia S.,82,1407.8025928679917
175,Struff J.L.,384,1688.7092036378262
176,Lamasine T.,9,1472.931884837599
177,Andreev A.,8,1446.6138670565515
178,Grenier H.,18,1473.133497813827
179,Berrettini M.,225,1769.4581328831657
180,Kuhn N.,12,1439.9367073695369
181,Fognini F.,747,1587.652295720308
182,Kuzmanov D.,13,1433.5146344769719
183,Kwon S.W.,110,1605.6095845491081
184,Monteiro T.,171,1450.0737505771867
185,Daniel T.,192,1468.904262813561
186,Gerasimov E.,95,1592.3719922312885
187,Ymer M.,130,1599.3486766220371
188,Cerundolo J.M.,35,1500.7320741127226
189,Paul T.,232,1750.7532771909332
190,Mager G.,59,1487.0088190693507
191,Khachanov K.,401,1784.8211745645676
192,Giron M.,170,1639.474615595721
193,Mcdonald M.,212,1617.3178729549263
194,Nishioka Y.,232,1609.0176435415024
195,Popyrin A.,156,1535.7714129189599
196,Halys Q.,79,1403.8780594127347
197,Safiullin R.,65,1639.404900171517
198,Draper J.,70,1697.955991775045
199,Sinner J.,261,1893.662851514398
200,Shapovalov D.,300,1766.1150963718242
201,Bautista Agut R.,390,1685.8738711354542
202,Korda S.,156,1738.1361883074728
203,Shevchenko A.,41,1549.5478706752642
204,Rune H.,155,1892.928993127302
205,Hanfmann Y.,114,1513.5346731036389
206,Klein L.,11,1469.4300321674853
207,Altmaier D.,95,1484.6548546613717
208,Machac T.,27,1514.6998830851373
209,Kubler J.,58,1508.3783684599096
210,Arnaldi M.,39,1616.2771210921233
211,Hijikata R.,31,1526.265978258196
212,Humbert U.,197,1709.0591197563933
213,Agenor R.,26,1363.9921344894738
214,Behrend T.,109,1493.1838988227396
215,Damm M.,42,1426.3906409527517
216,Delgado J.,37,1379.7573851537209
217,Hantschk M.,58,1421.2827387483683
218,Jonsson F.,22,1355.2447942603278
219,Ketola T.,19,1451.484037172755
220,Manta L.,16,1423.3005938439298
221,Paes L.,14,1427.8512898136114
222,Pioline C.,116,1498.8194821292336
223,Stanoytchev O.,28,1353.9369097938936
224,Tabara M.,79,1468.2697764796296
225,Vanek J.,184,1385.7137532893826
226,Vinciguerra A.,153,1625.8509222595503
227,Black B.,76,1523.3925926156733
228,Kempes E.,24,1439.42643239444
229,Pless K.,121,1507.377431419707
230,Sanchez D.,202,1470.26857594649
231,Stoliarov A.,87,1435.949112285283
232,Wessels P.,66,1503.1360341605853
233,Youzhny M.,877,1739.5430258252052
234,Calatrava A.,135,1523.3900274306766
235,Canas G.,365,1714.536198050639
236,Galvani S.,51,1422.4156413489366
237,Kucera K.,172,1639.0625923722262
238,Labadze I.,118,1410.9541122836276
239,Okun N.,62,1428.571331463823
240,Santoro F.,433,1626.6077146767293
241,Srichaphan P.,379,1761.039369239171
242,van Scheppingen D.,47,1485.1989871442438
243,Krajan Z.,33,1401.3369573270486
244,Portas A.,220,1469.224678853904
245,Sargsian S.,218,1624.1091909131028
246,Schuettler R.,548,1682.2634261273022
247,Mamiit C.,95,1429.1070480139144
248,Montanes A.,544,1489.8251989353241
249,van Lottum J.,68,1434.8523692730103
250,Amritraj P.,35,1442.0604552333252
251,Knowle J.,39,1341.5147265168287
252,Moya C.,565,1696.7321251755486
253,Mantilla F.,240,1598.110970562869
254,Ascione T.,73,1373.9073420393488
255,Patience O.,79,1395.6199558468431
256,Gimelstob J.,152,1464.2427209232742
257,Heuberger I.,80,1436.5431310260835
258,Garcia A.,34,1399.3096771655994
259,Garcia-Lopez G.,652,1460.8414614420533
260,Lu Y.H.,354,1531.027968475747
261,Kim K.,138,1406.2564117074655
262,Zib T.,126,1451.49041011666
263,Bjorkman J.,361,1613.6371834242655
264,Devilder N.,70,1403.7801919704016
265,Bopanna R.,21,1424.668623663377
266,Koubek S.,360,1633.7577169049277
267,Rastogi K.,5,1458.3521298016233
268,Roger-Vasselin E.,208,1511.0372673854624
269,Eschauer W.,52,1398.8384069396116
270,Haase R.,458,1562.8752299622017
271,Zovko L.,8,1468.9599293103774
272,Ram R.,150,1384.3551165276135
273,Kudryavtsev A.,20,1416.1384346716789
274,Greul S.,116,1504.9127806508795
275,Sela D.,289,1563.8309600759026
276,Dlouhy L.,67,1417.4001256861557
277,Granollers-Pujol M.,447,1637.0204787030832
278,Beck A.,100,1505.8846161633273
279,Devvarman S.,115,1440.6216734628088
280,Minar I.,96,1438.287771896552
281,Tipsarevic J.,486,1609.684203479109
282,Cipolla F.,101,1495.1396425394505
283,Hajek J.,98,1404.0545943516784
284,de Bakker T.,134,1518.9972476850016
285,Ginepri R.,379,1687.061024665495
286,Lacko L.,215,1447.6867893490603
287,Robert S.,113,1470.5264673269523
288,Kendrick R.,112,1453.249707723795
289,Sugita Y.,129,1516.0256826529344
290,Kavcic B.,120,1412.0166208012795
291,Bhambri Y.,40,1461.478609497613
292,Paire B.,527,1532.6389100544018
293,Hanescu V.,412,1490.4656002758936
294,Darcis S.,214,1586.5885269377454
295,Soeda G.,105,1399.7762080446557
296,Almagro N.,657,1578.6103369240097
297,Bachinger M.,86,1524.4826040146186
298,Stebe C-M.,2,1503.8714501169354
299,Bautista R.,224,1697.9081960527094
300,Stakhovsky S.,339,1577.5708719960567
301,Vesely J.,293,1476.6375724377017
302,Pospisil V.,281,1626.9780992006101
303,Ramanathan R.,40,1447.8301607731485
304,Haider-Maurer A.,113,1458.095005899904
305,Coric B.,352,1704.922539527297
306,Ymer E.,84,1447.659303760499
307,Carreno-Busta P.,108,1513.2753457064493
308,Gojowczyk P.,172,1574.7173186898804
309,Pavic A.,13,1413.2773796426884
310,Krajicek A.,36,1470.4619053215447
311,Rosol L.,259,1558.2270008838677
312,Vanni L.,23,1373.7959958261977
313,Fabbiano T.,89,1419.4347516258292
314,Kovalik J.,68,1457.2815801285842
315,Olivo R.,55,1487.0567300503644
316,Dutra da Silva R.,82,1423.7550527898052
317,Ramos-Vinolas A.,442,1533.4859071407227
318,Tsitsipas S.,420,1846.051728447216
319,Basic M.,50,1519.941189625754
320,Pella G.,261,1523.5890643335433
321,Jarry N.,161,1595.0162841561844
322,Marterer M.,97,1416.117701379736
323,Cecchinato M.,206,1432.4278520726139
324,Lajovic D.,394,1513.9158006400712
325,Cuevas P.,423,1533.3145279642813
326,Evans D.,265,1644.2394652641349
327,Harris L.,136,1609.1690105237942
328,Bolt A.,44,1457.0840147844556
329,Carreno Busta P.,352,1681.5997330075702
330,Auger-Aliassime F.,288,1816.4281566485406
331,Harrison C.,15,1485.966938891134
332,Galan D.E.,86,1485.464373991588
333,Quiroz R.,6,1494.4994753855565
334,Fratangelo B.,62,1493.0762142361577
335,Norrie C.,305,1631.7474637310527
336,Tiafoe F.,321,1680.7316009511198
337,Isner J.,760,1724.4577800987693
338,Hurkacz H.,270,1732.323586677291
339,Bagnis F.,121,1428.784897721769
340,Van De Zandschulp B.,136,1641.7242486644134
341,Griekspoor T.,116,1558.0645843180937
342,Laaksonen H.,101,1510.6112050816603
343,Molcan A.,87,1582.0091655574363
344,Cressy M.,96,1565.9334146402175
345,Munar J.,183,1460.7377314523485
346,Bonzi B.,93,1475.8880275266467
347,Carballes Baena R.,217,1543.1620445290018
348,van Rijthoven T.,19,1528.941353711418
349,Martinez P.,118,1527.722754806296
350,Karatsev A.,152,1546.929177273176
351,Cobolli F.,17,1486.306895589903
352,Shang J.,22,1447.5577475105245
353,Kotov P.,44,1573.7664013513931
354,Broady L.,49,1541.0127718738058
355,Ofner S.,56,1591.5472978006142
356,Huesler M.A.,64,1528.0527759633694
357,Fils A.,46,1605.3337634993989
358,Musetti L.,164,1662.6131135845276
359,Bastl G.,114,1472.659926481886
360,Berasategui A.,19,1385.9608406348796
361,Caratti C.,13,1386.3132186959492
362,Cherkasov A.,4,1476.8186230241738
363,El-Aynaoui Y.,279,1633.2340439093068
364,Gaudio G.,418,1577.3361127653104
365,Marin J.A.,81,1414.314581389039
366,Tillstrom M.,31,1512.5900442523234
367,Vacek D.,29,1396.9453142205853
368,Boutter J.,138,1588.7709658344627
369,di Pasquale A.,90,1423.11216546132
370,Kafelnikov Y.,291,1804.3451649200076
371,Pozzi G.,78,1510.6223426194665
372,Rios M.,163,1725.5918040167167
373,Rosset M.,138,1553.1636456701697
374,Ulihrach B.,192,1594.4733037009964
375,Vicente F.,248,1420.4571911020148
376,Voltchkov V.,105,1623.2067008326053
377,Ivanisevic G.,109,1592.7729679460138
378,Novak J.,364,1700.3167764379275
379,Ogorodov O.,12,1473.5531687799075
380,Hantschek M.,2,1501.3011373706433
381,Costa A.,272,1621.8613721425354
382,Kratochvil M.,159,1568.1343607928889
383,Lee H.T.,267,1554.4573841727486
384,Vico U.,7,1479.6871492925322
385,Lopez M.,52,1537.6526609933233
386,Chiudinelli M.,129,1466.949790433798
387,Moodie W.,110,1598.5819608761212
388,Volandri F.,382,1452.2847965601914
389,Vik R.,55,1499.1788339461928
390,Starace P.,334,1504.6836274385064
391,Tursunov D.,438,1623.1983220594213
392,Ramirez-Hidalgo R.,185,1466.424937228128
393,Luzzi F.,44,1446.6899947568907
394,Peya A.,63,1424.8129000332724
395,Marchenko I.,132,1513.3239284458775
396,Bubka S.,17,1451.0744373772673
397,Gabashvili T.,304,1453.918155656326
398,Veic A.,32,1409.1513700070307
399,Ramos A.,148,1485.8764073516195
400,Bogomolov Jr.A.,169,1604.5767432621392
401,Gremelmayr D.,87,1426.8537157194585
402,Zemlja G.,64,1559.8097685675637
403,Bolelli S.,269,1528.3184951591438
404,Lorenzi P.,284,1509.196865272787
405,Safwat M.,14,1400.1095394511517
406,Brands D.,151,1546.3338886365668
407,Brown D.,159,1532.3801660161384
408,Souza J.,72,1386.3473209586566
409,Dzumhur D.,234,1641.7159115813095
410,Munoz de la Nava D.,37,1378.1145746979948
411,Kuznetsov An.,163,1524.210234748042
412,Andujar P.,404,1463.0096799302346
413,Mayer L.,360,1494.2598565752592
414,de Greef A.,8,1489.0133592452823
415,Melzer G.,46,1411.1327279628372
416,Ojeda Lara R.,6,1504.094571456791
417,Ivashka I.,161,1639.9957776843366
418,Donskoy E.,162,1471.2245133237516
419,Jaziri M.,217,1543.2060807985556
420,Sandgren T.,121,1560.605635010831
421,Vukic A.,50,1515.264070695273
422,Majchrzak K.,50,1511.158260766338
423,O Connell C.,81,1519.069953353175
424,Purcell M.,51,1495.8544983305717
425,Caruso S.,63,1464.6791225416666
426,Sweeny D.,6,1477.3883903413475
427,Alcaraz C.,195,1888.417184430847
428,Torpegaard M.,4,1463.9565996570961
429,Vilella Martinez M.,10,1489.5105465813544
430,Stebe C.M.,76,1510.257948125704
431,Opelka R.,168,1668.37737957845
432,Rinderknech A.,108,1627.1467329474572
433,Davidovich Fokina A.,185,1556.9609527555267
434,Sonego L.,241,1544.058749005032
435,Lehecka J.,84,1542.0577164194365
436,Balcells J.,78,1524.3999306458784
437,Chang M.,141,1617.782144315025
438,Ferrero J.C.,687,1660.3647968623454
439,Gustafsson M.,68,1588.21316536848
440,Sell M.,2,1504.915070754846
441,Clavet F.,147,1451.0135117799537
442,Martelli M.,5,1481.6186537663878
443,Medvedev A.,62,1566.845060301194
444,Weiner G.,30,1404.6257810347952
445,Elseneer G.,38,1426.0803088689931
446,Nalbandian D.,541,1927.284330559461
447,Nielsen M.,9,1414.9523217003157
448,Safin M.,544,1853.8644023826855
449,Coria G.,324,1674.6981362406646
450,Gonzalez F.,520,1707.4019772913514
451,Kuerten G.,308,1740.1221559574706
452,Carraz G.,82,1552.581924200737
453,Hemmes F.,4,1476.2370001863394
454,Hernych J.,194,1488.7981673424076
455,Mello R.,137,1541.2769605754606
456,Bracciali D.,80,1523.0980638728363
457,Monaco J.,582,1686.674834393661
458,Roitman S.,87,1399.542380047518
459,Reynolds B.,100,1393.4423397202154
460,Statham J.,8,1443.4374310010694
461,Lammer M.,22,1433.8757373555554
462,Mannarino A.,594,1634.015046457048
463,Berlocq C.,312,1499.8878750374838
464,Baker B.,59,1439.0470526028557
465,Sijsling I.,133,1508.0656523771272
466,Jones G.,7,1434.7614265163495
467,Levine J.,93,1477.8650536969528
468,Sock J.,324,1814.443929214204
469,Young D.,312,1533.8260983285104
470,Klahn B.,56,1455.209241828599
471,de Schepper K.,88,1404.8852977448596
472,Venus M.,11,1399.4864419821865
473,Barton M.,8,1527.8857927064507
474,Klein B.,13,1413.7864351042265
475,Sousa J.,436,1589.7551646472666
476,Fritz T.,380,1689.8229681556118
477,Barrere G.,90,1485.179618381408
478,Polmans M.,22,1435.1070477311284
479,Garin C.,198,1581.5772160127226
480,Delbonis F.,340,1394.06675866431
481,Tabilo A.,50,1517.2863782257853
482,Zverev A.,541,1874.8804236985184
483,Coria F.,100,1536.5078604274345
484,Sousa P.,36,1363.6498702956385
485,Bourchier H.,2,1503.9929587046695
486,Harris A.,3,1489.4434867624466
487,Baez S.,116,1570.9396693382566
488,Nakashima B.,116,1674.0337639634731
489,Lestienne C.,45,1473.3467828417997
490,Brooksby J.,79,1665.7610382282533
491,Wolf J.J.,90,1580.1359446598835
492,Eubanks C.,76,1450.7658266721949
493,Shelton B.,62,1682.7224900724282
494,Van Assche L.,34,1500.7916106684265
495,Muller A.,33,1460.18325431802
496,Borges N.,43,1472.2241817618399
497,Marozsan F.,24,1626.5578295973803
498,Corretja A.,240,1631.0802098774896
499,Ilie A.,104,1438.9891241084074
500,Woodbridge T.,20,1475.2616637577094
501,Ferreira W.,211,1635.8642285827825
502,Kucera V.,2,1506.2183104306368
503,Healey N.,18,1432.13737334117
504,Gil F.,115,1449.10858777789
505,Sweeting R.,89,1421.7908674622754
506,Janowicz J.,164,1686.9788771226822
507,Sarkissian A.,6,1466.7964205667622
508,Elias G.,67,1492.9776970438554
509,Andreozzi G.,39,1454.7905804757331
510,Balazs A.,34,1539.9517301239925
511,Taberner C.,37,1461.1300543752423
512,Cachin P.,56,1529.6014166827142
513,Londero J.I.,83,1479.9920612704802
514,Koepfer D.,92,1560.0724578297131
515,Albot R.,217,1517.1463406293317
516,Ruud C.,324,1667.1168062170057
517,Kozlov S.,35,1373.4038867920021
518,Otte O.,78,1504.5099531359012
519,Gombos N.,66,1412.6686481469208
520,Watanuki Y.,31,1488.9163892751621
521,Etcheverry T.,81,1549.3040128054924
522,Cerundolo F.,121,1626.9033169023025
523,Svrcina D.,4,1497.0400715318679
524,Holt B.,7,1459.5023392337228
525,Couacaud E.,10,1445.878843973207
526,De Jong J.,5,1459.465562336792
527,Gaston H.,66,1579.847753079304
528,Mensik J.,5,1529.142019807022
529,Kovacevic A.,18,1498.1418236283346
530,Zhang Zh.,58,1593.6118886241197
531,Michelsen A.,17,1551.9449096307949
532,Cazaux A.,10,1480.1084219357235
533,Zeppieri G.,15,1482.3384296040726
534,Nagal S.,19,1408.244150166274
535,Agassi A.,353,1820.4681163980104
536,Alami K.,75,1437.559678364316
537,Black W.,39,1520.5770392503007
538,Hill M.,3,1484.6987432537455
539,Kroslak J.,18,1448.6560692548965
540,Pretzsch A.,21,1430.2910116717494
541,Sampras P.,138,1875.3693886256092
542,Stafford G.,2,1501.4723064880898
543,Tieleman L.,29,1430.8500895733405
544,Ullyett K.,7,1452.7915610628347
545,Woodforde M.,10,1452.8782833310675
546,Woodruff C.,70,1505.6091538680892
547,Burgsmuller L.,178,1444.0520191901394
548,Nestor D.,26,1430.5645259959474
549,Popp A.,108,1474.7182029619555
550,Prinosil D.,77,1569.6152170479409
551,Rafter P.,103,1755.2954345135593
552,Sa A.,122,1516.7087070792065
553,Siemerink J.,52,1399.8065447319054
554,Bachelot J.F,8,1485.5029031480758
555,Delgado R.,83,1543.0761716837258
556,Gaudenzi A.,107,1474.816732869572
557,Hipfl M.,90,1405.8104125613438
558,Savolt A.,73,1448.687104209971
559,Simoni A.,30,1430.5877508666476
560,Furlan R.,18,1452.3534455985264
561,Crabb J.,8,1428.8427136963114
562,Kutsenko V.,10,1465.56232901105
563,Larkham T.,7,1464.251335184516
564,Blanco G.,148,1471.981437383507
565,Morrison J.,85,1507.594140796751
566,Vacek J.,88,1471.8700532424045
567,Suzuki T.,37,1599.9392230838055
568,Ventura S.,97,1449.2133010683729
569,Wang Y.T.,40,1484.3690999790983
570,Faurel J.C.,9,1441.6152795656265
571,Horna L.,250,1556.5734452073027
572,Norman D.,54,1366.0170967946272
573,Pashanski B.,72,1478.9472347483572
574,Fleishman Z.,24,1442.5352257853854
575,Udomchoke D.,69,1389.9865509974422
576,Smeets R.,9,1432.9348827960348
577,Capdeville P.,102,1460.9616692318737
578,Kuznetsov A.,26,1395.3656301127935
579,Bozoljac I.,25,1413.5390070948563
580,Warburg S.,15,1478.8681769463617
581,Hernandez O.,190,1392.264949774094
582,Dabul B.,42,1435.9997908086334
583,de Chaunac S.,33,1478.0434456575756
584,Karanusic R.,50,1389.520805402998
585,Golubev A.,158,1563.7174196573085
586,Sorensen L.,6,1470.771704737729
587,Sergeyev I.,2,1506.2498634888739
588,Ilhan M.,74,1403.7744877383282
589,Schwank E.,98,1478.4714654443494
590,Riba P.,85,1382.9985710565431
591,Rufin G.,44,1483.2930862327264
592,Gimeno-Traver D.,263,1418.1308547431368
593,Smyczek T.,128,1445.4233894862084
594,Weintraub A.,6,1446.1613174814959
595,Przysiezny M.,78,1441.0751055167548
596,Rola B.,27,1428.5787832757426
597,Millot V.,30,1407.640603254803
598,Gonzalez A.,46,1383.9604818051732
599,Rubin N.,29,1426.995241804192
600,Jasika O.,5,1478.6763743197835
601,Trungelliti M.,33,1445.0030901250154
602,Estrella Burgos V.,109,1466.4514706445073
603,Whittington A.,5,1487.359695350453
604,Escobedo E.,57,1454.2213890701375
605,Bemelmans R.,72,1516.036922499536
606,Kicker N.,47,1468.8060564703228
607,Varillas J.P.,32,1541.6936060124958
608,Ficovich J.P.,3,1485.2928994132515
609,Milojevic N.,14,1502.7857505389777
610,Zapata Miralles B.,88,1454.3291901729444
611,Darderi L.,3,1482.4277279433547
612,Barrios M.,10,1458.5565619001825
613,Dellien H.,71,1412.195257240795
614,Armando H.,43,1464.2667414755654
615,Etlis G.,30,1503.8381388739906
616,Hadad M.,4,1493.9689161244694
617,Hirigoyen I.,4,1476.4057450753924
618,Tobon M.,2,1506.9651501923622
619,Viloca J.A.,12,1518.1371184277205
620,Varlet J.,11,1444.6164331017164
621,Widom T.,10,1505.9339681679896
622,Sun P.,5,1451.9162739329597
623,Guzman J.P.,22,1425.2789670066022
624,Marach O.,45,1471.0321855663944
625,Salzenstein J.,37,1403.92090585659
626,Brzezicki J.P.,23,1403.0133794046865
627,Hartfield D.,46,1474.1149376777548
628,Vassallo-Arguello M.,126,1424.7331801271432
629,Marrero D.,9,1458.9176418404115
630,de Voest R.,57,1451.5195605084944
631,Klaasen R.,8,1501.751723343966
632,van der Merwe I.,3,1486.4183125265376
633,Recouderc L.,15,1436.8047642060635
634,Prpic F.,10,1439.794136963032
635,Ouanna J.,26,1531.405308603517
636,van Der Merwe I.,10,1537.1331549028773
637,Alves T.,30,1429.611834859244
638,Huta Galung J.,30,1353.993052815335
639,Wolmarans F.,3,1473.4739267735258
640,Brugues-Davi A.,4,1473.5391210899368
641,Olivetti A.,14,1475.4236487755252
642,Giannessi A.,35,1430.0507590647287
643,Marcora R.,7,1481.038230890206
644,Gunneswaran P.,28,1414.8688493757375
645,Novak D.,58,1405.2090548468104
646,Wu Y.,38,1510.2929035907748
647,Gomez E.,26,1413.9353862565881
648,Diaz J.,43,1363.1119871761803
649,Guardiola T.,9,1436.6304957485693
650,Roux L.,13,1501.5796498111156
651,Bruguera S.,72,1533.0752641439456
652,Godwin N.,28,1436.8862049341292
653,Larsson M.,58,1564.9947729814264
654,Cadart R.,7,1462.8762103398221
655,Mutis O.,60,1526.2371641356851
656,Hippensteel K.,4,1474.3206103494063
657,Cuadrado C.,8,1496.2601533726665
658,Marcaccio G.,5,1481.5238138591217
659,Aguilar J.,6,1460.5814052406404
660,di Mauro A.,51,1354.9127985415423
661,Friedl L.,8,1472.479971608508
662,Navarro-Pastor I.,100,1487.3059831674782
663,Decoud S.,8,1511.607138716622
664,Gonzalez M.,86,1426.942871113429
665,Machado R.,50,1370.5251977047155
666,Zampieri C.,3,1488.9939684349888
667,Junqueira D.,43,1403.4889506126924
668,del Bonis F.,13,1512.6782825023747
669,Alund M.,17,1511.3861947328612
670,Cervantes I.,49,1429.409700593277
671,Lapentti G.,30,1424.090085651275
672,Gaio F.,18,1392.2833391467198
673,Hoang A.,19,1475.9505129424217
674,Kopriva V.,10,1523.185536552274
675,Courier J.,9,1503.4353017172093
676,Gumy H.,31,1438.1719548672493
677,Liukko V.,4,1505.6899407527349
678,Miranda I.,19,1438.2155822326838
679,Saretta F.,142,1545.0379138466194
680,Puerta M.,161,1490.2169277316282
681,Cakl T.,12,1430.5474688034321
682,Koellerer D.,53,1466.3115593499433
683,Jelenic P.,2,1501.8213023371566
684,Sidorenko A.,13,1442.1105176428498
685,Ward J.,65,1329.4767122516785
686,Maden Y.,26,1485.7842907584927
687,Jung J.,32,1397.7275559857458
688,Ugo Carabelli C.,5,1490.4727388333597
689,Diaz Acosta F.,10,1433.0490266988345
690,Varillas J. P.,21,1497.2133393815955
691,MacPhie B.,2,1505.8550767574804
692,Reneberg R.,2,1502.950571209674
693,Rodriguez M.,15,1455.2190944646713
694,Bryan B.,40,1418.8329228359707
695,Coutelot N.,32,1465.8712488994802
696,Silva J.,11,1395.7111591443243
697,Daniel M.,83,1357.7148281712439
698,Gamonal H.,7,1454.623893705673
699,Viola M.,15,1425.6702748496352
700,Rodionov J.,31,1474.9864079870024
701,Pecotic M.,2,1502.5548991315306
702,Dewulf F.,4,1488.1646172274532
703,Elsner D.,31,1389.4320257925488
704,Meligeni F.,124,1568.5153079595932
705,Massa E.,24,1430.2485078884342
706,Niemeyer F.,20,1427.0084078322504
707,Haehnel J.,26,1514.506864544088
708,Kutrovsky D.,3,1515.185482402907
709,Kuznetsov Al.,21,1392.409622699672
710,King D.,12,1429.965579089522
711,Menendez-Maceiras A.,24,1402.618823047428
712,Schnur B.,19,1393.932915684813
713,Brouwer G.,22,1537.5035149502996
714,Taino E.,26,1469.3781335699668
715,Rettenmaier T.,4,1508.7015795789796
716,Wilson B.,5,1453.6385386284253
717,Marti J.,13,1411.8360738777274
718,Krueger M.,26,1440.8756706170152
719,Hernandez A.,9,1442.0566845088986
720,Lareau S.,26,1442.2858470362721
721,Lee M.,46,1450.8077596639464
722,Ghem A.,7,1468.914290998167
723,Ferreiro F.,6,1472.4758019947299
724,Reister J.,48,1405.3968157250858
725,Williams R.,25,1429.487093743186
726,Smith J.P.,27,1377.4647535315896
727,Skugor F.,27,1410.6192043836204
728,Seyboth Wild T.,33,1429.7904117753903
729,Domingues J.,11,1518.6790078359857
730,Ritschard A.,9,1474.091539056053
731,Riedi L.,6,1451.9134371106538
732,Melo D.,5,1462.1658746495737
733,Marin J.A,2,1503.5051542466624
734,Mertens Y.,3,1483.786493719956
735,Bryan M.,13,1473.4525917238445
736,Meffert D.,13,1489.8110608283887
737,Berrettini J.,2,1504.646982438302
738,Alvarez E.,20,1448.051348213486
739,Hood M.,5,1481.0962323166646
740,Abel M.,9,1448.5182050822802
741,Sabau R.,44,1411.6817916124564
742,Gonzalez S.,9,1423.0154281844011
743,Barrios Vera M.T.,2,1495.9712895383063
744,Lu Y.,11,1402.0172632601032
745,Prieto S.,6,1450.9493657611579
746,Klec I.,8,1429.778034482033
747,Al-Ghareeb M.,8,1442.82922404602
748,Ledovskikh M.,17,1416.5320231078101
749,Arguello F.,17,1351.3998723811908
750,Bonadio R.,3,1483.7433446500786
751,Goellner M.K.,25,1471.4801007143108
752,Larose S.,12,1537.1416514811276
753,Clezar G.,12,1385.3768607179243
754,Pucinelli de Almeida M.,2,1507.6233878066294
755,Wu T.L.,6,1460.4120956589575
756,Puentes G.,22,1433.7382372885377
757,Querry S.,7,1463.608317640371
758,Polansky P.,50,1434.757213863702
759,Nava E.,14,1417.6445887708671
760,Rocha D.,3,1494.1317434157677
761,Herbert P.H,16,1558.5923696308905
762,Alonso J.,13,1462.4977126601432
763,Huet S.,27,1385.7441427358303
764,El-Aarej M.,7,1420.2544092301998
765,Kohlmann M.,43,1495.3675859446907
766,Browne F.,28,1456.0745411386115
767,Prodon E.,20,1317.887457022473
768,Waske A.,89,1460.2353768611902
769,Jenkins S.,20,1439.3508255405943
770,Vemic D.,21,1516.294759694076
771,El-Amrani R.,9,1468.925322204411
772,Gutierrez-Ferrol S.,4,1500.1107608963496
773,Ouahab L.,15,1442.3279637255719
774,Peliwo F.,6,1483.049281944362
775,Nedovyesov A.,23,1384.6715424674128
776,Lopez-Moron A.,10,1392.153306906353
777,Willems R.,2,1501.0505879169498
778,Wiltschnig H.,4,1464.345040680262
779,Knippschild J.,42,1443.7184281399484
780,Mota B.,3,1491.6486478537047
781,Gensse A.,4,1476.0643491321703
782,Mektic N.,9,1430.957429366673
783,Ahouda A.,4,1471.4344417148036
784,Quinzi G.,2,1498.9401411783017
785,Arnaboldi A.,14,1461.8927174873236
786,Vatutin A.,8,1443.0289494126441
787,Giustino L.,8,1429.5873372413043
788,Galan D.,3,1535.194753168773
789,Passaro F.,10,1483.5907625336047
790,Vavassori A.,12,1512.0926499208829
791,Balleret B.,11,1462.0570326526451
792,Stepanek M.,2,1510.8866191482266
793,Gakhov I.,3,1504.9814059931987
794,Nardi L.,12,1430.5759547369478
795,Perez D.,7,1438.483557528537
796,Navarro S.,5,1494.0979701706658
797,Fogues F.,3,1500.3170161471128
798,Schukin Y.,32,1452.7577269445942
799,Vagnozzi S.,11,1482.2543462213287
800,Farah R.,9,1483.5820835674153
801,Olaso G.,6,1480.2020926391858
802,Pellegrino A.,2,1503.7240869241057
803,Thomann N.,37,1507.1858705988927
804,Saoudi S.,5,1482.3732193560072
805,Tahiri M.,7,1435.87607880314
806,Trujillo G.,2,1506.1343795488885
807,Crivoi V.,41,1393.9980132437504
808,Ungur A.,33,1370.219444093858
809,Zopp J.,47,1447.1730391409894
810,Shelbayh A.,8,1456.4511089755033
811,Gross O.,12,1430.4230754106795
812,Nadal-Parera R.,2,1497.3001263319074
813,Srichaphan N.,4,1511.7502711763887
814,Naso G.,14,1400.2666984857674
815,Silva F.F.,3,1492.9930373093111
816,Bergs Z.,17,1448.0821817622887
817,Stricker D.,28,1595.8464533881977
818,Cermak F.,24,1462.3211524080532
819,Mertinak M.,15,1426.9662577000008
820,Summerer T.,9,1433.527432884327
821,Tavares L.,3,1490.1184243000087
822,Molleker R.,15,1461.1343061181847
823,Galimberti G.,21,1411.853705968301
824,Krstin P.,5,1468.4048817510782
825,Moraing M.,3,1505.107188857604
826,Schuettler P.,3,1528.7334945238845
827,Zimonjic N.,16,1445.6897580530028
828,Santopadre V.,4,1477.2176436638572
829,Jeanpierre J.,5,1515.9030816535417
830,Montcourt M.,15,1474.659057185014
831,Delic M.,10,1424.1106111948943
832,Donati M.,2,1512.326000654857
833,Nikles J.,4,1470.5279136133638
834,Llamas Ruiz P.,2,1501.6176427449716
835,Brasington J.,10,1449.6298190349505
836,Hadad A.,6,1500.6034278281566
837,Kindlmann D.,12,1407.7467608992217
838,Economidis K.,12,1388.552636568987
839,Lopez-Jaen M.A.,3,1504.1877045337062
840,Teixeira M.,6,1450.1045092609393
841,Schoorel T.,6,1463.9593889218004
842,Diez S.,10,1448.823168273835
843,Forejtek J.,2,1516.105596535735
844,Guinard M.,9,1515.8910098179033
845,Tirante T.A.,5,1496.6452629449
846,Olivieri G.,3,1527.4682403565234
847,Charpentier M.,8,1434.5856687557841
848,Traykov I.,2,1506.9926589336749
849,Marray J.,12,1477.0145527170716
850,Whitehouse W.,10,1466.439086256666
851,Ancic I.,3,1523.198390511985
852,Flanagan I.,3,1532.8011300001244
853,Qureshi A.,10,1509.744365051353
854,Stadler S.,16,1507.3422719133496
855,Michon A.,2,1500.2860607100624
856,Mina G.,5,1472.4911202622702
857,Hemery C.,11,1431.7297835848199
858,Horansky F.,8,1425.8690743437364
859,Benchetrit E.,8,1454.8081121747668
860,Gojo B.,24,1495.827104056394
861,Kolar Z.,4,1497.4556521456407
862,Burrieza O.,5,1463.5790183108857
863,Andersen J.F.,8,1454.742916232636
864,Ondruska M.,8,1443.9810939362253
865,Motomura G.,20,1413.6311352582047
866,Bogdanovic A.,37,1395.0251695771199
867,Baker J.,19,1379.8321803179376
868,Zhang Z.,15,1468.4549436228478
869,Pavlasek A.,14,1495.7429418575855
870,Bourgue M.,6,1465.7695008440492
871,Napolitano S.,5,1472.0038051834272
872,Kravchuk K.,32,1391.8992786241104
873,Wheaton D.,4,1484.5409124289058
874,Allegro Y.,13,1458.611290542884
875,Goodall J.,12,1391.324968662552
876,Cowan B.,16,1430.8454394661971
877,Pescosolido S.,7,1435.7189060109072
878,Hilton M.,5,1466.4008152201957
879,Dell'Acqua M.,6,1477.776143477357
880,Kontinen H.,3,1484.7681643530216
881,Peniston R.,13,1540.7376318652375
882,Braasch K.,3,1520.8455808665292
883,Childs L.,10,1458.5115768093633
884,Baccanello P.,9,1456.6465235714309
885,Verdasco M.,2,1507.9979301751898
886,Sherwood D.,2,1503.704897960701
887,Bloomfield R.,16,1451.3227466760493
888,van Gemerden M.,10,1506.515846134091
889,Guccione A.,3,1478.8722740019457
890,Evans B.,21,1427.1375251411523
891,Fischer M.,21,1334.0591841147495
892,Pavic M.,13,1434.65125651634
893,Bower J.,3,1493.1194248438162
894,O'Brien A.,11,1446.4057843164865
895,Fraile G.,9,1416.2490767036518
896,Rehnquist B.,14,1463.1237445392426
897,Eaton C.,2,1500.2056842040563
898,Wang J.,21,1495.0449697611657
899,Yani M.,17,1410.4189066631243
900,Saville L.,9,1447.9010093571005
901,Puetz T.,3,1489.931152307166
902,Krawietz K.,5,1469.6952558607732
903,Ryderstedt M.,20,1500.2477035677985
904,Eleskovic E.,10,1448.0054503145172
905,Dasnieres de Veigy J.,6,1471.4542075884915
906,Lindell C.,10,1427.4935272410828
907,Bellier A.,9,1515.5860839949655
908,Choinski J.,6,1460.3113397555232
909,Mayot H.,7,1508.3437696322485
910,Settergren J.,6,1482.0688324463658
911,Blake T.,7,1464.3572785518024
912,Erlich J.,9,1492.2481558821585
913,Fukarek O.,14,1387.519840012039
914,Mergea F.,4,1500.1078849233197
915,Bohli S.,21,1371.4542355171475
916,Cervenak P.,9,1540.8862992346435
917,Willis M.,2,1507.7541059108169
918,Novikov D.,16,1473.102246055883
919,Clarke J.,13,1417.1592446341178
920,Gray A.,4,1473.211938660765
921,Misolic F.,14,1538.9795451520667
922,Borg L.,5,1468.8378092588548
923,Ramirez Hidalgo R.,16,1493.6380767432927
924,Qureshi A.U.H.,5,1482.9270206289034
925,Langer N.,3,1485.882159049584
926,Marti Y.,7,1463.5475150111342
927,Davydenko P.,3,1481.6638432004677
928,Soderlund C.,2,1501.96151750616
929,Medjedovic H.,16,1495.4932569992588
930,Capalik K.,8,1486.7260527293672
931,Knittel B.,5,1479.5476410183196
932,Wessels L.,3,1487.7796063463873
933,Quinn E.,4,1467.2322237594637
934,Tu L.,7,1429.0606994198026
935,Radic M.,6,1471.503924742167
936,Sadecky A.,3,1485.9665069210382
937,Demoliner M.,2,1492.5428819931842
938,Gomez A.,2,1503.2266510120603
939,Santillan A.,9,1431.2501106631687
940,Serdarusic N.,9,1411.748233360524
941,Ajdukovic D.,4,1478.4789501364896
942,Carretero R.,4,1502.1957415965985
943,Schranz W.,2,1497.0690979472206
944,Wassen R.,8,1473.660491338084
945,Schiessling T.,4,1484.916101341985
946,Eitzinger R.,9,1492.1264948946261
947,Jun W.S.,7,1446.051910009071
948,Kosakowski D.,3,1491.2305074037872
949,Trinker B.,3,1498.268976411753
950,Mertl J.,2,1505.5311916527257
951,King K.,7,1456.2851426414343
952,Serrano O.,8,1503.9183533535663
953,Tuksar S.,7,1448.648381460787
954,Oudsema S.,5,1473.1325722918314
955,Moroni G.,2,1503.9986019878538
956,Erler A.,2,1515.229409936269
957,Prizmic D.,8,1484.18063049577
958,Piros Z.,4,1474.7738422659734
959,Trifu G.,8,1455.680348140623
960,Joyce M.,6,1498.7153878835181
961,Ianni S.,2,1511.9111162712923
962,Oswald P.,4,1479.567364438152
963,Cacic N.,2,1503.111267617727
964,Sakharov G.,4,1482.7066792185608
965,Galovic V.,7,1480.4908610286182
966,Roca Batalla O.,3,1492.2456527497777
967,Nargiso D.,12,1549.3436388965615
968,Chadaj A.,2,1497.2315074169794
969,Masur D.,6,1459.861504108777
970,Agamenone F.,5,1537.9906902428122
971,Meligeni Alves F.,5,1499.3834760293403
972,King P.,9,1406.5637810707767
973,Stoppini A.,11,1503.3254697407538
974,Zekic M.,3,1493.3933942990757
975,Tseng C. H.,8,1466.668571041985
976,Shimabukuro S.,8,1466.0863422406178
977,Svajda Z.,9,1449.2401257066892
978,Behr N.,9,1494.9870626085924
979,King E.,5,1469.1947950208591
980,Diallo G.,5,1480.811092335603
981,Youzhny A.,4,1524.6351115690638
982,Witten J.,10,1452.6646029601968
983,Duclos P.L.,4,1493.1774353622986
984,Ram A.,10,1399.7580332801895
985,Gregorc L.,13,1529.5749055485198
986,Mcclune M.,2,1502.4329085526206
987,Kumar O.,4,1505.2176608687043
988,Lu H.,2,1508.1864929789417
989,de Heart R.,3,1503.4583280089262
990,Lee D.H.,2,1510.127715188618
991,Skatov T.,6,1467.3933511197754
992,Tseng C.H.,11,1431.437326918579
993,Droguet T.,2,1506.09742676187
994,Hsu Y.,6,1535.0916976561814
995,Kralert P.,4,1472.2112543549954
996,Giner J.,5,1489.938944545314
997,Wang Y. Jr,2,1504.8676204571348
998,Matsui T.,4,1515.6661036527491
999,Iwabuchi S.,13,1424.885366785452
1000,Cruciat A.,3,1486.5928729626173
1001,Rodrigues M.,2,1509.163511092606
1002,Renavand N.,2,1505.8892795762656
1003,Reix C.,2,1504.4245182352308
1004,Kohlschreiber P..,2,1499.9491520822116
1005,Satral J.,3,1505.472219005903
1006,Sekulic P.,3,1494.3977577945234
1007,Pescariu D.,3,1485.4051107791715
1008,Washington M.,5,1453.2965883915194
1009,Moldovan I.,6,1451.794227530071
1010,Boeker M.,5,1478.7003435169381
1011,Coppejans K.,13,1400.0338871414506
1012,Lindahl N.,9,1424.1173202317816
1013,Scherrer J.C.,5,1456.6301692484117
1014,Moriya H.,14,1461.15683711113
1015,Tarallo S.,2,1494.1772123548649
1016,Veronelli D.,5,1504.677198558678
1017,Tenconi T.,3,1481.6147143872174
1018,Auckland J.,3,1525.5244111991258
1019,Jouan R.,5,1486.3026554940689
1020,Wu D.,24,1428.952065467806
1021,Uchida K.,4,1488.2276288943606
1022,Kachmazov A.,5,1458.3796201305506
1023,Zhu B.Q.,5,1466.0646283745311
1024,Aldi F.,9,1423.2006471558507
1025,Slanar M.,3,1497.7129112557989
1026,Zeng S.X.,6,1467.8013023430633
1027,Bai Y.,8,1484.8300559016209
1028,Lazarov A.,7,1448.8762912538916
1029,Zhukayev B.,4,1489.8157829604572
1030,Atmane T.,5,1475.6239808142464
1031,Flygt K.,4,1506.9682663853882
1032,Yoon Y.,7,1489.950158438039
1033,Tebbutt M.,3,1482.6361932827253
1034,Terachi T.,11,1466.5673685553522
1035,Ascione A.,2,1500.6150269097916
1036,Clemens T.,4,1525.2056646747658
1037,Wang C.,2,1504.4737595681374
1038,Zhang Ze,11,1429.9081966544707
1039,Leshem E.,3,1493.477927240108
1040,Lajal M.,2,1503.765852992009
1041,Mpetshi G.,5,1503.7964320686392
1042,Mochizuki S.,14,1441.6818583473766
1043,Iwami T.,4,1474.7520066391419
1044,Guez D.,18,1385.2128982356544
1045,Rieschick S.,4,1465.574796630164
1046,Noguchi R.,2,1508.5463283289132
1047,Elgin M.,12,1459.0010461922218
1048,Rosenholm P.,3,1508.418462298587
1049,Kondo H.,4,1475.0328393798418
1050,Mecir M.,4,1477.0634333505272
1051,Pospisil J.,8,1448.5114657700835
1052,Avidzba A.,2,1497.724632423654
1053,Alvarez Varona N.,3,1493.5045603602618
1054,Valkusz M.,4,1480.3193282860877
1055,Lejnieks K.,2,1499.9679470067517
1056,Harris B.,2,1507.1145773659962
1057,Matsukevitch D.,4,1486.7280517026059
1058,Palmer J.,4,1525.5302303975475
1059,Robredo R.,3,1518.8997670922429
1060,Froberg J.,2,1512.2937737844056
1061,Ortegren J.,2,1502.1523166476093
1062,Smith L.,1,1484.0
1063,Kennedy A.,3,1457.3436775326256
1064,Kimmich M.,3,1458.1831840838167
1065,Junaid R.,2,1466.1635109176025
1066,Mitchell B.,5,1427.1761813724809
1067,Anderson O.,1,1484.0
1068,Zuk K.,3,1460.6787109742345
1069,Kirkin E.,2,1468.0998365177318
1070,Vrbensky M.,1,1484.0
1071,Kumar S.,1,1484.0
1072,Spottl M.,2,1472.2055268336842
1073,Kilderry P.,3,1455.7034464836358
1074,Ishii Y.,4,1452.3643114888346
1075,Bhupathi M.,3,1449.0417908791553
1076,Syed F.,1,1484.6412234624477
1077,Dupre T.,1,1482.5641271217237
1078,Mankad H.,3,1451.4612800786667
1079,Uppal V.,1,1483.547440477879
1080,Skoch D.,3,1461.0432830526215
1081,Salva B.,5,1444.354642228117
1082,Vardhan V.,2,1468.8112672708146
1083,Yang T.H.,4,1463.3615180396694
1084,Nedunchezhiyan J.,1,1482.5641271217237
1085,Prashanth V.,1,1482.6857105364336
1086,Myneni S.,2,1473.210333820773
1087,Ali Mutawa J.M.,4,1439.0539524071141
1088,Zayid M.S.,3,1455.9698945953996
1089,Nam J.S.,3,1461.4505136011658
1090,Aragone J.C.,1,1484.0
1091,Dhamne M.,1,1484.6805378613656
1092,Mukund S.,3,1452.3474298052527
1093,Sachko V.,5,1444.7532680150853
1094,Wong C.,1,1483.2359165244086
1095,Al-Alawi S.K.,2,1468.736306793522
1096,Luxa P.,7,1412.6030535540147
1097,Sanchez J.,1,1485.0417008585
1098,Al-Khulaifi N.G.,1,1483.263693206478
1099,Khalfan S.,3,1449.4919485572202
1100,Abdulla M.,1,1485.212045819179
1101,Sultan-Khalfan A.,1,1484.7404306767992
1102,Al-Haji A.,3,1454.7817831536868
1103,Dorsch B.,3,1463.0355480107967
1104,Maamoun K.,1,1484.091920627357
1105,Sabry S.,1,1484.0
1106,Zayed M. S.,1,1492.2581563580768
1107,Zayed M.S.,1,1493.3594187170195
1108,Hossam K.,1,1488.6297401662266
1109,Yuksel A.,1,1482.7755964254486
1110,Kadhe A.,4,1436.9154574461204
1111,Fancutt T.,1,1483.182243203277
1112,Schoolkate T.,1,1485.4029998471901
1113,Walton A.,2,1469.3379596589143
1114,Mccabe J.,2,1468.1011206397957
1115,Costa F.,4,1446.9922886093213
1116,Willman D.,1,1486.4997233170263
1117,Rea S.,2,1472.2501507489185
1118,Jones G.D.,2,1471.2486853785265
1119,King-Turner D.,6,1409.088578917968
1120,Jun W.,1,1490.995140613149
1121,Statham R.,1,1480.9336839319342
1122,Lemke J.,1,1480.7063881464862
1123,Tearney F.,2,1466.9795278618594
1124,Sitak A.,2,1465.3903499126495
1125,Caruana L.,1,1485.251281764673
1126,O'Connell C.,3,1468.0236238597977
1127,Mott B.,2,1471.8090240110657
1128,Ferreira Silva F.,2,1474.778608949867
1129,Durasovic V.,2,1491.136560208084
1130,Pannu K.,3,1458.8774416092115
1131,Durek R.,1,1491.8276911770927
1132,Bourgeois L.,2,1470.9796211516968
1133,Struff J-L.,1,1488.803338432576
1134,Bellucci M.,1,1483.4718510736102
1135,Krutykh O.,3,1455.8001941253965
1136,Lokoli L.,8,1403.8626368729415
1137,Kypson P.,3,1451.9007161848454
1138,Karbacher B.,2,1469.8230663459733
1139,Kulti N.,5,1434.6819467051891
1140,Breen M.,1,1483.5461543254755
1141,Perry T.,1,1487.3748768302125
1142,Svarc L.,2,1476.752227300796
1143,Henry R.,1,1482.8045957300556
1144,March O.,1,1485.392015476536
1145,Adaktusson J.,1,1479.1227981290872
1146,Snobel P.,4,1457.0047698735743
1147,Mackin A.,11,1391.7720396830116
1148,Ebelthite C.,1,1484.0791656870379
1149,Hocevar R.,5,1434.1359233969395
1150,Crugnola M.,3,1473.2248495991498
1151,Nielsen F.,10,1360.3548913505304
1152,Viola Mat.,2,1466.514282462772
1153,Authom M.,2,1462.2347975014875
1154,Safranek V.,2,1477.5820951646897
1155,Li Z.,10,1402.259115981294
1156,Menezes J.,1,1482.6969959765577
1157,Moyano D.,2,1463.0277245892482
1158,Nunez E.,1,1480.2812528629333
1159,Wang Y.,4,1447.4644065636392
1160,Podlipnik H.,2,1474.9227745772612
1161,Anderson A.,1,1491.8647394596042
1162,Hutchins R.,1,1484.6991072656178
1163,Scholtz N.,1,1482.4634146331632
1164,Artunedo Martinavarro A.,1,1486.13827194886
1165,Rybakov A.,1,1481.0309754344644
1166,Krall L.,1,1480.9671464423589
1167,Raoux G.,2,1469.2459458851347
1168,Reichel A.,1,1486.7222776510616
1169,Parada F.,2,1467.8476018414888
1170,Hormazabal G.,3,1452.1834252845015
1171,Mazarakis V.,5,1458.9147874077426
1172,Aranguren J.M.,2,1473.520505684234
1173,Saavedra Corvalan C.,1,1483.2122541119575
1174,Rios F.,1,1481.263833306008
1175,Lama G.,4,1441.531444536821
1176,Escobar G.,2,1463.006635649392
1177,Velotti A.,4,1439.3723322060337
1178,Kwiatkowski T.S.,7,1410.450832865748
1179,Moroni G.M.,2,1465.0373477087264
1180,Chidekh C.,1,1480.849222920292
1181,Blancaneaux G.,6,1419.449468199922
1182,Humphries S.,4,1452.4106968809988
1183,Koll H.,1,1484.4421375495574
1184,Harboe P.,1,1481.195942248548
1185,Bowles C.,1,1480.8727795917994
1186,van D. Merwe I.,1,1482.309234678981
1187,Mesaros K.,1,1482.2728788874476
1188,Marcan D.,2,1466.175811452008
1189,Veger F.,1,1482.7509719791449
1190,Androic T.,2,1475.2676418858114
1191,Lazov A.,1,1481.222730379057
1192,Tepavac M.,1,1489.9056496042354
1193,Donski A.,1,1484.1941335805166
1194,Shi B.,1,1486.4486604095032
1195,Jensen L.,1,1483.0618954400124
1196,Knowles M.,2,1465.4214163715626
1197,Peralta J.,1,1482.9154434374914
1198,Silva D.,1,1481.2260065801156
1199,Romboli F.,1,1481.2120917816044
1200,Arevalo M.,2,1468.8850997431286
1201,Chakravarthi C.,1,1486.0920567540973
1202,Arquez P.,1,1483.8266659809155
1203,Olguin L.,1,1482.853726270646
1204,Lajola D.,1,1484.0
1205,Strode B.,1,1484.736306793522
1206,Lin J.M.,1,1483.1265757119925
1207,Zayid M.,1,1487.5554822881604
1208,Poerschke L.,2,1480.2266420820074
1209,Im K.T.,1,1482.5683840593372
1210,Britton D.,3,1479.4506240330663
1211,Deheart R.,2,1479.2461436771664
1212,Borvanov R.,1,1488.8079235224325
1213,Tsitsipas P.,1,1483.6269859743834
1214,Braga P.,1,1482.0896382714493
1215,Galdon P.,1,1489.457873504684
1216,Molteni A.,2,1469.1656744680986
1217,Quigley E.,1,1483.3010383716498
1218,Meligeni Rodrigues F,2,1480.104516994221
1219,Gallardo Valles M.,2,1479.7467372078206
1220,Dailey Z.,1,1485.7261111011157
1221,Rodriguez B.,1,1479.6121740844958
1222,Echagaray B.,4,1463.7312975230898
1223,Ramirez C.,3,1467.9438311875056
1224,Kumantsov A.,2,1466.9934062768727
1225,Lopez Villasenor G.,4,1446.30269135202
1226,Fonseca J.,1,1481.695349588465
1227,Alves M.,1,1488.7458754449178
1228,Stark J.,2,1464.7211100377992
1229,Szymanski J.,1,1480.5462809511685
1230,Al-Awadhi O.,8,1411.819288955923
1231,Norby R.,1,1480.3695572951476
1232,Gallardo M.,2,1478.8861553005618
1233,van der Dium A.,1,1485.1310677649253
1234,Chappell N.,2,1467.6357416919031
1235,Pacheco Mendez R.,3,1466.8886928977367
1236,Eagle J.,1,1485.063388820945
1237,Garza D.,4,1443.862080700931
1238,Sanchez M.,2,1461.481673213417
1239,Cabal J.S.,2,1469.905248442188
1240,Reyes-Varela M.A.,2,1473.149851060732
1241,Hank T.,3,1454.8742718793985
1242,Patino L.,1,1482.7018743999324
1243,Gomez L.,6,1429.0216637366123
1244,Gonzalez P.,1,1481.4733530371648
1245,Cortes J.,1,1489.9402066221705
1246,Phillips T.,1,1484.163113851963
1247,Minar J.,3,1472.4987806111887
1248,Nader M.,1,1484.0
1249,Gooding J.,1,1485.7392026385965
1250,Tecau H.,1,1479.6588782064005
1251,Awadhy O.,2,1477.7967127677755
1252,Djokovic M.,4,1444.9076882925326
1253,Mcgee J.,3,1447.1164537588356
1254,Martin F.,2,1469.400051158166
1255,Luz O.,1,1481.7345207835483
1256,Sakamoto P.,1,1484.3702381695798
1257,Blanch U.,1,1487.5876138553544
1258,Catarina L.,4,1452.9831319327966
1259,Rocha H.,1,1483.0648629152986
1260,Harper-Griffith L.,2,1472.5383810161566
1261,Ouahabi T.,1,1485.1603466205725
1262,Ziadi M.,5,1433.0597598741908
1263,Chaki R.,2,1474.1717816285702
1264,Granollers-Pujol G.,4,1451.3044213039339
1265,Idmbarek Y.,2,1469.8983551976296
1266,Rachidi Y.,1,1479.7830289659603
1267,Khaddari H.,1,1486.425502601275
1268,Belal C.,1,1489.8327884430278
1269,Malcor O.,2,1471.798957602237
1270,Matias N.,1,1485.2723798970662
1271,Lopes H.,1,1487.2437469409774
1272,Burniol G.,2,1464.6027429098865
1273,Matos-Gil I.,2,1470.1776177493314
1274,Fornell M.,1,1482.7294371817977
1275,Niland C.,3,1479.8981147753038
1276,Janvier M.,5,1447.88525726329
1277,Lalami Laaroussi Y.,1,1484.676436706646
1278,Moundir A.,1,1478.8980922302537
1279,Marques N.,1,1492.4695651400873
1280,Couto E.,1,1482.5690554101877
1281,Sousa T.,1,1482.9995936489097
1282,Vacherot V.,1,1482.8536024642444
1283,Dustov F.,7,1428.128534595798
1284,Riba-Madrid P.,2,1464.0857300230725
1285,Rincon D.,2,1470.760257493088
1286,Marin L.,1,1494.687957879664
1287,Peric T.,1,1487.5772505163548
1288,Sanchez De Luna J.,2,1481.5544803123662
1289,Marrai M.,1,1488.612920627479
1290,Moraru G.,2,1466.6150722679672
1291,Chvojka E.,2,1471.5057661962685
1292,Ciorcila P.,1,1485.142824383111
1293,Linzer M.,2,1468.379374222157
1294,Setkic A.,3,1455.0058238689085
1295,Garcia M.,2,1464.474373695826
1296,Albert M.,1,1488.1398998427696
1297,Condor F.,1,1481.2094485505415
1298,Luque D.,1,1487.7741213249758
1299,Azzaro L.,3,1470.2049405789498
1300,Zlatanovic A.,1,1481.0193792102878
1301,Gomez-Herrera C.,1,1486.2073376000776
1302,Silva F.,2,1477.0476453615
1303,Vega Hernandez D.,1,1481.5865198481404
1304,Baldi F.,3,1455.2380697510907
1305,Rehberg M.,3,1455.3545520335317
1306,Topo M.,4,1451.9231346485528
1307,Fahlke A.,1,1490.2850212054407
1308,Desein N.,3,1464.4285239334001
1309,Bellotti R.,1,1478.9158172387004
1310,Landaluce M.,3,1468.0639456136057
1311,Mathieu P.,5,1472.4531890152014
1312,Kloer S.,1,1491.4115022854699
1313,Popko D.,2,1472.3563607083895
1314,Gimeno Valero C.,1,1488.8037096808807
1315,Basso A.,1,1491.9526852588951
1316,Brancaccio R.,1,1487.3011023951965
1317,Navarra M.,1,1493.1503775435003
1318,Ager J.,2,1468.322205044869
1319,Weinzierl J.,1,1483.5666828898477
1320,Mirnegg M.,1,1489.6627112201393
1321,Popp T.,2,1472.7027603311979
1322,Dolgopolov A.,3,1459.2075427894958
1323,Lopez San Martin A.,1,1492.4051252299246
1324,Delfino M.,1,1480.8506799918744
1325,Eysseric J.,4,1450.1209266482463
1326,Vaisse M.,1,1479.4028452362388
1327,Ortega-Olmedo R.,1,1486.9869037223748
1328,Dreekmann H.,2,1487.739119383348
1329,Koderisch C.,1,1489.7525949157646
1330,Lipsky S.,1,1476.9544827081822
1331,Hamou M.,3,1460.6510550189014
1332,Samper-Montana J.,2,1474.5224437590966
1333,Hernandez-Fernandez J,1,1493.6704511828148
1334,de Loore J.,2,1485.9837324233522
1335,Rodriguez Taverna S.,1,1490.573324909367
1336,Kauffmann C.,2,1470.725142499447
1337,Cox D.,5,1430.6760601572253
1338,Golding O.,3,1462.0385321465976
1339,Ghedin R.,3,1461.222074990648
1340,Gigounon G.,1,1491.0284131465055
1341,Witt A.,1,1481.7051882267772
1342,Coetzee J.,1,1483.8436177553576
1343,Fitz S.,1,1488.6825562968984
1344,Uebel L.,1,1494.3899204633362
1345,Klein T.,1,1489.3503468058595
1346,Logtens P.,2,1479.7544620308036
1347,Koning M.,1,1492.4396310515544
1348,Olejniczak D.,3,1461.3305772125418
1349,Fleming C.,2,1472.3458111828252
1350,Emmrich M.,1,1490.408213649325
1351,Slabinsky A.,2,1473.4908514395972
1352,Kirillov E.,2,1485.459510249458
1353,Corrie E.,1,1482.6214620019496
1354,Landsberg J.,1,1486.2844720489181
1355,Ivanov-Smolensky K.,2,1462.4199639513079
1356,Moser F.,2,1476.9071921518175
1357,Middelkoop M.,1,1482.066061480427
1358,Berta D.,2,1459.3463403883238
1359,Walter L.,1,1483.2909946387063
1360,Squire H.,1,1487.3774835500478
1361,Boruszewski J.,1,1484.2573755096007
1362,Golovanov D.,5,1452.8822877593457
1363,Hellstrom M.,1,1481.5948469504135
1364,Alcaide G.,1,1490.1038488666056
1365,Jubb P.,4,1459.3944056365692
1366,Loffhagen G.,2,1478.2205769377836
1367,Gaudi I.,1,1486.1637138299388
1368,MacLagan M.,2,1462.118544887126
1369,Andersson H.,1,1481.2835676934728
1370,Prpic A.,2,1462.395365358853
1371,Sarstrand M.,2,1474.0224354639547
1372,Goransson T.,2,1464.7067099778553
1373,Tveit E.,1,1490.524793485342
1374,Reid M.,1,1493.414696041556
1375,Smethurst D.,1,1489.909988378474
1376,Aragone JC,1,1482.7015574266604
1377,Timfjord N.,1,1484.845505522048
1378,Fleischfresser T.,1,1493.695193811041
1379,Milligan L.,2,1481.2811149727881
1380,Derepasko A.,1,1494.018463091353
1381,Todero N.,1,1481.2397220890086
1382,Roshardt R.,2,1462.4545729247905
1383,Vicente M.,1,1477.654885076509
1384,Kutac R.,1,1481.8215454348167
1385,Eriksson M.,4,1433.2068754470854
1386,Ward A.,4,1451.8677995852113
1387,Fery A.,1,1494.6436251303987
1388,Arnold L.,1,1479.9609581620773
1389,Vlasov D.,1,1484.836101708792
1390,Ellwood B.,1,1481.7839579588608
1391,Shimada T.,2,1465.7631522355464
1392,van der Meer N.,1,1481.3357579841677
1393,Levine I.,2,1474.0399470157706
1394,Kern R.,3,1461.86499478433
1395,Bossel A.,2,1469.2083150971278
1396,Thompson C.,1,1489.8253401986274
1397,Madaras D.,2,1471.2289600445115
1398,Thomas J.,2,1466.3050110805493
1399,Levinsky J.,1,1481.6998653567941
1400,Cook L.,1,1481.668974762656
1401,Zitko R.,2,1470.4564485379349
1402,Korteling S.,1,1489.51689668863
1403,Simmonds P.,3,1475.3795491702735
1404,Arvidsson I.,1,1484.8516628586365
1405,Simonsson F.,1,1484.0
1406,Ehrat S.,3,1444.0621010095826
1407,Virtanen O.,3,1451.8506099615236
1408,Tiilikainen K.,2,1471.4641881108384
1409,Filippini M.,2,1476.1972955609401
1410,Trusendi W.,1,1480.8554730747926
1411,Salamanca C.,1,1485.630047646801
1412,Barrientos N.,4,1427.2138250140704
1413,Struvay E.,2,1470.1936948153357
1414,Moeller M.,1,1485.6210011035118
1415,Mejia N.,1,1481.3120371424868
1416,Blumberg W.,1,1484.801353774992
1417,Spizzirri E.,1,1485.0074855703094
1418,Chung Y.,2,1476.1668875621963
1419,Miketa D.,1,1489.5967670151606
1420,Behrmann M.,1,1483.470225697606
1421,Ayala D.,1,1480.5424103417406
1422,Thron A.,2,1466.7917183146285
1423,Brizzi A.,1,1483.3383997449798
1424,Aragone J.,2,1483.1524477033784
1425,Torebko P.,2,1468.9951249593464
1426,Collarini A.,1,1484.0
1427,Peschek D.,1,1483.331542253314
1428,Vajda I.,2,1476.476163739866
1429,Herm-Zahlava J.,2,1468.2709694899613
1430,Neumuller I.,1,1485.3238594700886
1431,Gimeno D.,1,1493.378220086871
1432,Patriarca D.,1,1481.8799432489486
1433,Sandbichler A.,1,1483.0501634240668
1434,O'Neal J.,1,1485.8116479852422
1435,Grigelis L.,1,1485.4649283022825
1436,Pasha N.,1,1483.9189496460908
1437,Trevisan M.,1,1477.3498893670176
1438,Gromley C.,1,1489.9736952634885
1439,Bryde T.,1,1489.0147835886926
1440,Moretti H.,1,1492.0093611757352
1441,Trimmel C.,2,1477.7255703007465
1442,Vasek R.,1,1484.8753374715789
1443,Fasching A.,1,1490.7594925947249
1444,Cabello F.,1,1485.8284088309397
1445,Tkalec M.,1,1484.1425019109129
1446,Bozic I.,1,1482.2906640563533
1447,De Paula F.,1,1480.0678161823635
1448,Reinberg E.,1,1489.7570143078763
1449,Neumayer L.,1,1483.0250348976017
1450,Nijaki R.,1,1486.9862313670128
1451,Dabrowski B.,2,1482.6239116305155
1452,Yim R.,2,1476.3158114820596
1453,Ionita V.,3,1450.464055392851
1454,Belic L.,3,1464.8412144450508
1455,Ruevski P.,1,1487.9342329250524
1456,Piccari F.,1,1479.1564593301464
1457,Muster T.,3,1462.346333356964
1458,Westerhof B.,1,1484.4480221591473
1459,Topic J.,1,1484.0982717753723
1460,Lopez-Perez E.,1,1487.7078188783773
1461,Lenz J.,2,1488.9212458396848
1462,Dutra Da Silva D.,1,1484.277764016803
1463,Casanova H.,1,1482.9784382379275
1464,Cobolli S.,1,1486.5340770403793
1465,Fyrstenberg M.,3,1463.3003038285035
1466,Matkowski M.,2,1469.0417925460963
1467,Urban F.,2,1467.661256373805
1468,Panfil G.,1,1485.3893514608453
1469,Agostinelli B.,1,1476.6270612771232
1470,Meister N.,1,1489.5108702664857
1471,Hernandez-Fernandez J.,1,1485.8155364671593
1472,Miedler L.,3,1467.4249260584957
1473,Poljicak M.,1,1483.8988459082175
1474,Mansouri S.,1,1493.2563770058125
1475,Tramacchi P.,1,1483.0726152055208
1476,Pfeiffer K.,1,1492.9831725049037
1477,Carlson A.,1,1482.5466665647798
1478,Clayton A.,1,1479.0543177742913
1479,Dev Varman S.,3,1456.6278894915276
1480,Estrella V.,1,1490.2521348205455
1481,Villanueva G.,1,1489.2434784487407
1482,Agaev E.,1,1482.1097603130731
1483,Yoo D.,1,1487.3004225006086
1484,Bester P.,5,1436.5508590229983
1485,Steckley R.,1,1483.9953328822312
1486,Smith A.,1,1491.4191200046557
1487,Garanganga T.,1,1481.5868476001515
1488,Galarneau A.,2,1482.9510963591924
1489,Mor L.,1,1488.2135123615753
1490,Spracklin T.,1,1478.5175418661688
1491,Ignatik U.,1,1486.5296449258224
1492,Buchanan C.,2,1484.2636942341258
1493,Lojda D.,1,1484.8399145803805
1494,Halebian A.,1,1485.2730064227817
1495,Bangoura S.,1,1477.469129033176
1496,Bega A.,1,1483.2201038441374
1497,Riffice S.,1,1490.7714590316148
1498,Caldwell D.,1,1479.6320538983025
1499,Harsanyi P.,2,1470.3684498053833
1500,Hanley P.,1,1485.2911460985933
1501,Benneteau A.,1,1490.9896924040045
1502,Luncanu P.A.,2,1478.5441995170675
1503,Bogaerts R.,1,1483.6017783067805
1504,Kirchheimer S.,1,1487.3059922328819
1505,Lukaev R.,1,1493.200362691084
1506,Kunitcin I.,1,1482.7519564883448
1507,McClune M.,1,1493.0112909155312
1508,Valent R.,1,1486.9775668919526
1509,Altamirano C.,2,1478.557580513945
1510,Monteiro J.,1,1489.0921256481602
1511,Sarmiento R.,1,1487.9662322102658
1512,Pervolarakis M.,1,1486.7226899294608
1513,Tien L.,2,1479.5878611967398
1514,Moreno De Alboran N.,2,1470.9229731728128
1515,Quintero M.,1,1481.732549633712
1516,Yu X.Y.,2,1462.8975726963874
1517,Wang Y.Jr.,1,1485.3115445363617
1518,Wachiramanowong K.,3,1477.6136593493288
1519,Shane R.,1,1486.095925607914
1520,Chrysochos P.,1,1484.3408660500834
1521,Holmgren A.,1,1495.2076802201632
1522,Mu T.,1,1483.129608268929
1523,Cui J.,1,1485.3464938041966
1524,Lock B.,1,1488.3694722991643
1525,Bohane A.,1,1494.7928370325217
1526,Pedroso A.,1,1493.248026821193
1527,Gard C.,1,1486.0426300965785
1528,Si Y.M.,1,1482.4905213653271
1529,Vasilevski A.,1,1481.4184732319593
1530,Nedelko I.,2,1467.2316045349191
1531,Betov S.,1,1485.4639892208397
1532,Fidirko N.,1,1483.5413751271865
1533,Inglot D.,2,1475.1566777917199
1534,Biryukov M.,2,1471.3269235923349
1535,Takeuchi K.,1,1481.5531500722977
1536,Burquier G.,1,1488.3241581265904
1537,Roumane R.,1,1483.981958514874
1538,Furness E.,1,1486.9955791022373
1539,Li Zh.,1,1483.9128141779477
1540,Zhou Y.,2,1475.9543486375574
1541,Mo Y.,1,1496.3551349566008
1542,Peppas S.,1,1485.686859552687
1543,Ratiwatana S.,1,1483.6752260403407
1544,Fruttero J.P.,1,1489.8368241210492
1545,Chen T.,3,1470.5291821500325
1546,Martin D.,1,1490.203474198262
1547,Siriluethaiwattana P.,2,1471.8279983959474
1548,Nam H.W.,2,1463.3277092507453
1549,Xu J.C.,1,1483.7847970059172
1550,Gong M.X.,4,1472.847501063083
1551,Trongcharoenchaikul W.,1,1486.3926447119186
1552,Jeong S.Y.,1,1485.0528013001092
1553,Gao X.,1,1483.1150467114594
1554,Ouyang B.,1,1481.6068994065486
1555,Shyla Y.,1,1482.465753241573
1556,Mena F.,1,1483.8587246942207
1557,Oncins J.,1,1481.4764346899387
1558,Do M.Q.,1,1485.110334383345
1559,Smit J.,1,1482.192972237444
1560,Wagh A.,1,1491.6102023689873
1561,Singh N.,1,1484.3847557019321
1562,Raja P.,1,1483.3156671994325
1563,Deen Heshaam A.,1,1483.3061439397368
1564,Singh S.,1,1492.3870844282671
1565,Tyurnev E.,1,1491.0730867735188
1566,Hong S.,1,1483.5550405630258
1567,Tong M.,1,1490.8195851622747
1568,Tomashevich D.,1,1487.494375158619
1569,Craca M.,1,1485.4246648874616
1570,Sanchez de Luna J.A.,1,1491.5570445856451
1571,Ito Y.,1,1480.667456599188
1572,Herbert P-H.,1,1482.1383872829551
1573,Niki T.,1,1483.662397340318
1574,Zhang Ze.,2,1482.3630862408386
1575,Bu Y.,2,1478.2037035063136
1576,Te R.,1,1482.443214170771
1577,Yevseyev D.,1,1483.9456816563218
1578,Onoda M.,4,1429.5431972459614
1579,Miyao J.,2,1471.409982796407
1580,Jiang S.,1,1483.4426851742198
1581,Koenig R.,1,1481.3502722678468
1582,Belyaev I.,1,1488.617209229358
1583,Tiurnev E.,1,1489.5398982437223
1584,Oliel Y.,2,1472.9014011290017
1585,Blockx A.,1,1484.0425725396628
1586,Mlynarik Z.,1,1484.4089618055818
1587,Hui J.,1,1494.8775465579436
1588,Bohaboy D.,1,1481.8365540838029
1589,Ittogi T.,1,1489.9626161078586
1590,Chaen T.,1,1480.7157738679214
1591,Baluda V.,1,1487.6895933544308
1592,Friberg K.,1,1486.7149711018317
1593,Hassan B.,2,1475.2984789790078
1594,Zhang Y.,1,1482.099031079472
1595,Garcia-Sintes J.,1,1483.6849706367611
1596,Schuttler P.,1,1489.493356020431
1597,Nedovyesov O.,1,1482.2705073253876
1598,Takahashi Y.,1,1485.24041979168
1599,Shimizu Y.,1,1481.6537787631926
1600,Fish A.,1,1492.5083968996776
1601,Vovk S.,1,1486.6570242314249
1602,Sekulic M.,1,1487.9223306789738
1603,Maestrelli F.,1,1486.8598360351075
1604,Gruber K.,1,1491.3260277776064
1605,Dubrivnyy A.,1,1487.4840057176782
1606,Rascon T.,1,1491.6860623718444
1607,Karlovskiy E.,1,1489.994088647716
1608,Bailly G.,1,1495.6858174915474
1609,Geerts M.,1,1490.6961525633967
1610,Martineau M.,1,1491.852248896271
1611,Shvec A.,1,1485.7459567806434
1612,Scherrer J.,1,1495.917519467596
1613,Davletshin V.,2,1478.5722123500616
1614,Chekov P.,1,1478.7425270950646
1615,Kornienko I.,1,1491.3177125525717
1616,Andersen J.,1,1492.6183046567066
1617,Freelove O.,1,1486.2929902862984
